timestamp,temperature,humidity,precipitation,wind_speed
2025-07-24 00:00:00,26.2,95,0.0,2.8
2025-07-24 01:00:00,24.9,98,5.8,6.9
2025-07-24 02:00:00,25.2,96,0.4,6.6
2025-07-24 03:00:00,25.1,97,0.2,4.5
2025-07-24 04:00:00,24.9,97,1.1,3.2
2025-07-24 05:00:00,24.9,98,0.2,5.4
2025-07-24 06:00:00,25.1,97,0.1,4.8
2025-07-24 07:00:00,25.6,94,0.2,7.3
2025-07-24 08:00:00,28.1,87,0.0,7.3
2025-07-24 09:00:00,29.4,80,0.0,7.6
2025-07-24 10:00:00,30.1,76,0.1,8.9
2025-07-24 11:00:00,30.4,74,0.0,8.8
2025-07-24 12:00:00,31.0,72,0.0,6.6
2025-07-24 13:00:00,29.2,75,2.1,13.7
2025-07-24 14:00:00,27.4,87,5.9,5.2
2025-07-24 15:00:00,28.2,85,0.3,3.5
2025-07-24 16:00:00,28.7,83,0.2,4.6
2025-07-24 17:00:00,28.6,85,0.7,6.3
2025-07-24 18:00:00,27.2,90,3.6,4.8
2025-07-24 19:00:00,26.8,94,0.1,2.2
2025-07-24 20:00:00,27.1,93,0.0,1.2
2025-07-24 21:00:00,26.4,95,0.1,7.8
2025-07-24 22:00:00,25.9,95,0.1,3.6
2025-07-24 23:00:00,25.9,95,0.0,3.8
2025-07-25 00:00:00,25.6,95,0.3,1.1
2025-07-25 01:00:00,25.8,96,0.3,2.1
2025-07-25 02:00:00,25.3,97,2.3,4.2
2025-07-25 03:00:00,25.3,98,0.1,4.8
2025-07-25 04:00:00,25.2,97,0.3,4.7
2025-07-25 05:00:00,25.2,97,0.2,6.1
2025-07-25 06:00:00,25.2,96,0.1,8.0
2025-07-25 07:00:00,26.0,93,0.0,7.8
2025-07-25 08:00:00,27.3,91,0.0,5.6
2025-07-25 09:00:00,28.1,88,0.1,3.4
2025-07-25 10:00:00,30.1,80,0.1,3.3
2025-07-25 11:00:00,30.2,78,0.1,2.5
2025-07-25 12:00:00,30.9,77,0.2,2.8
2025-07-25 13:00:00,31.2,76,0.3,1.1
2025-07-25 14:00:00,28.7,83,5.0,8.0
2025-07-25 15:00:00,27.9,86,0.1,8.7
2025-07-25 16:00:00,28.8,83,0.1,3.9
2025-07-25 17:00:00,28.6,84,0.1,6.9
2025-07-25 18:00:00,27.9,89,0.2,5.9
2025-07-25 19:00:00,27.2,92,0.1,5.6
2025-07-25 20:00:00,27.0,96,0.3,2.9
2025-07-25 21:00:00,26.7,97,0.2,2.6
2025-07-25 22:00:00,26.7,98,0.2,2.8
2025-07-25 23:00:00,26.4,97,0.3,2.7
2025-07-26 00:00:00,26.6,98,0.2,1.5
2025-07-26 01:00:00,26.4,98,0.1,0.9
2025-07-26 02:00:00,26.1,99,0.0,2.3
2025-07-26 03:00:00,25.9,100,0.0,2.3
2025-07-26 04:00:00,25.8,99,0.0,1.5
2025-07-26 05:00:00,25.7,99,0.0,1.9
2025-07-26 06:00:00,26.0,99,0.0,4.2
2025-07-26 07:00:00,27.0,93,0.0,4.6
2025-07-26 08:00:00,28.5,85,0.0,5.1
2025-07-26 09:00:00,29.7,78,0.0,6.5
2025-07-26 10:00:00,30.8,71,0.0,4.1
2025-07-26 11:00:00,31.6,68,0.1,4.2
2025-07-26 12:00:00,32.1,66,0.1,4.0
2025-07-26 13:00:00,32.2,68,0.2,1.8
2025-07-26 14:00:00,32.4,68,0.2,1.1
2025-07-26 15:00:00,32.4,69,0.2,4.6
2025-07-26 16:00:00,29.9,78,8.9,8.2
2025-07-26 17:00:00,27.5,87,2.7,11.7
2025-07-26 18:00:00,26.8,93,1.4,6.5
2025-07-26 19:00:00,26.8,93,0.8,1.9
2025-07-26 20:00:00,27.6,90,0.0,3.2
2025-07-26 21:00:00,27.6,90,0.0,0.8
2025-07-26 22:00:00,27.1,94,0.0,2.4
2025-07-26 23:00:00,26.8,96,0.0,3.0
2025-07-27 00:00:00,26.4,98,0.0,2.3
2025-07-27 01:00:00,26.1,99,0.0,2.8
2025-07-27 02:00:00,25.8,100,0.0,0.9
2025-07-27 03:00:00,25.6,100,0.0,1.9
2025-07-27 04:00:00,25.8,98,0.0,2.9
2025-07-27 05:00:00,25.7,99,0.0,3.4
2025-07-27 06:00:00,25.8,99,0.0,5.2
2025-07-27 07:00:00,26.9,92,0.0,7.5
2025-07-27 08:00:00,28.4,84,0.0,4.0
2025-07-27 09:00:00,29.8,77,0.0,5.5
2025-07-27 10:00:00,30.8,73,0.1,5.3
2025-07-27 11:00:00,31.5,71,0.1,2.8
2025-07-27 12:00:00,32.1,69,0.0,3.3
2025-07-27 13:00:00,32.0,70,0.0,3.6
2025-07-27 14:00:00,32.5,69,0.0,4.0
2025-07-27 15:00:00,32.3,69,0.1,7.2
2025-07-27 16:00:00,32.2,67,0.5,7.7
2025-07-27 17:00:00,29.7,81,0.4,13.3
2025-07-27 18:00:00,28.5,85,0.0,9.5
2025-07-27 19:00:00,27.8,88,0.0,8.6
2025-07-27 20:00:00,28.7,84,0.0,10.4
2025-07-27 21:00:00,28.1,87,0.0,9.1
2025-07-27 22:00:00,27.6,89,0.0,7.5
2025-07-27 23:00:00,27.0,91,0.0,4.6
2025-07-28 00:00:00,26.7,93,0.0,1.8
2025-07-28 01:00:00,26.4,94,0.0,0.9
2025-07-28 02:00:00,25.8,97,0.0,2.3
2025-07-28 03:00:00,25.7,99,0.0,4.0
2025-07-28 04:00:00,25.5,99,0.0,3.7
2025-07-28 05:00:00,25.2,99,0.0,2.8
2025-07-28 06:00:00,25.6,98,0.0,2.8
2025-07-28 07:00:00,26.8,93,0.0,2.0
2025-07-28 08:00:00,28.7,87,0.0,3.1
2025-07-28 09:00:00,30.1,80,0.0,3.5
2025-07-28 10:00:00,31.2,76,0.1,2.7
2025-07-28 11:00:00,32.3,71,0.0,2.3
2025-07-28 12:00:00,33.0,69,0.0,2.5
2025-07-28 13:00:00,33.4,66,0.0,2.9
2025-07-28 14:00:00,34.0,62,0.1,1.7
2025-07-28 15:00:00,34.2,59,0.0,2.0
2025-07-28 16:00:00,33.9,60,0.0,2.4
2025-07-28 17:00:00,33.3,62,0.0,6.5
2025-07-28 18:00:00,31.7,73,0.0,9.0
2025-07-28 19:00:00,30.3,81,0.0,7.9
2025-07-28 20:00:00,30.2,80,0.0,11.9
2025-07-28 21:00:00,29.8,82,0.0,10.1
2025-07-28 22:00:00,29.3,84,0.0,9.2
2025-07-28 23:00:00,29.0,84,0.0,8.5
2025-07-29 00:00:00,28.5,87,0.0,7.4
2025-07-29 01:00:00,28.1,88,0.0,5.9
2025-07-29 02:00:00,27.5,92,0.0,4.1
2025-07-29 03:00:00,27.2,93,0.0,2.9
2025-07-29 04:00:00,27.0,94,0.0,1.5
2025-07-29 05:00:00,26.7,97,0.0,3.6
2025-07-29 06:00:00,26.8,97,0.0,5.5
2025-07-29 07:00:00,28.0,93,0.0,2.3
2025-07-29 08:00:00,29.9,86,0.0,3.2
2025-07-29 09:00:00,31.3,80,0.0,4.4
2025-07-29 10:00:00,32.7,72,0.0,4.8
2025-07-29 11:00:00,33.7,67,0.0,5.2
2025-07-29 12:00:00,34.4,64,0.0,5.2
2025-07-29 13:00:00,34.9,62,0.0,5.0
2025-07-29 14:00:00,35.3,59,0.0,4.6
2025-07-29 15:00:00,35.2,59,0.0,4.2
2025-07-29 16:00:00,35.0,60,0.0,6.2
2025-07-29 17:00:00,34.0,67,0.0,8.0
2025-07-29 18:00:00,32.8,72,0.0,8.0
2025-07-29 19:00:00,31.8,74,0.0,8.8
2025-07-29 20:00:00,31.4,74,0.0,7.8
2025-07-29 21:00:00,30.8,77,0.0,8.1
2025-07-29 22:00:00,30.5,79,0.0,8.4
2025-07-29 23:00:00,29.9,81,0.0,7.9
2025-07-30 00:00:00,29.4,82,0.0,8.0
2025-07-30 01:00:00,29.0,84,0.0,7.5
2025-07-30 02:00:00,28.5,86,0.0,7.0
2025-07-30 03:00:00,27.8,89,0.0,3.8
2025-07-30 04:00:00,27.8,89,0.0,1.5
2025-07-30 05:00:00,27.4,92,0.0,3.1
2025-07-30 06:00:00,27.6,92,0.0,3.1
2025-07-30 07:00:00,28.6,89,0.0,1.7
2025-07-30 08:00:00,30.5,81,0.0,1.2
2025-07-30 09:00:00,31.9,77,0.0,4.6
2025-07-30 10:00:00,33.1,73,0.0,6.4
2025-07-30 11:00:00,34.0,69,0.0,8.1
2025-07-30 12:00:00,34.4,67,0.0,8.1
2025-07-30 13:00:00,34.9,66,0.0,6.4
2025-07-30 14:00:00,35.6,62,0.0,5.8
2025-07-30 15:00:00,35.7,60,0.0,6.0
2025-07-30 16:00:00,35.7,59,0.0,5.5
2025-07-30 17:00:00,35.7,61,0.0,3.0
2025-07-30 18:00:00,34.8,64,0.0,3.3
2025-07-30 19:00:00,31.1,78,5.8,2.5
2025-07-30 20:00:00,31.7,79,0.0,3.1
2025-07-30 21:00:00,31.4,78,0.0,6.5
2025-07-30 22:00:00,30.6,81,0.0,7.6
2025-07-30 23:00:00,30.2,82,0.0,6.0
2025-07-31 00:00:00,29.7,86,0.0,4.3
2025-07-31 01:00:00,29.4,89,0.0,4.0
2025-07-31 02:00:00,29.1,90,0.0,2.9
2025-07-31 03:00:00,28.8,92,0.0,4.7
2025-07-31 04:00:00,28.3,95,0.0,2.3
2025-07-31 05:00:00,28.0,97,0.0,1.1
2025-07-31 06:00:00,28.4,98,0.0,0.9
2025-07-31 07:00:00,29.8,89,0.0,2.4
2025-07-31 08:00:00,28.8,89,0.0,2.3
2025-07-31 09:00:00,30.5,81,0.0,3.0
2025-07-31 10:00:00,32.0,72,0.0,7.5
2025-07-31 11:00:00,32.8,69,0.0,8.4
2025-07-31 12:00:00,33.0,68,0.1,6.3
2025-07-31 13:00:00,33.4,67,0.1,4.2
2025-07-31 14:00:00,33.7,66,0.0,2.8
2025-07-31 15:00:00,33.3,66,0.0,2.3
2025-07-31 16:00:00,32.8,69,0.0,4.3
2025-07-31 17:00:00,28.6,89,7.2,12.7
2025-07-31 18:00:00,28.0,90,0.1,14.1
2025-07-31 19:00:00,27.4,91,0.0,3.1
2025-07-31 20:00:00,27.8,87,0.1,18.5
2025-07-31 21:00:00,27.9,87,0.1,10.0
2025-07-31 22:00:00,28.2,89,0.0,8.5
2025-07-31 23:00:00,28.0,92,0.0,2.8
2025-08-01 00:00:00,26.7,92,0.7,10.4
2025-08-01 01:00:00,26.4,93,0.0,4.6
2025-08-01 02:00:00,26.3,94,0.1,2.4
2025-08-01 03:00:00,26.2,95,0.6,2.0
2025-08-01 04:00:00,26.1,96,2.1,2.8
2025-08-01 05:00:00,26.4,95,0.4,4.3
2025-08-01 06:00:00,26.3,94,1.0,6.5
2025-08-01 07:00:00,26.2,93,2.1,3.0
2025-08-01 08:00:00,27.8,84,0.0,9.5
2025-08-01 09:00:00,29.2,76,0.0,12.6
2025-08-01 10:00:00,30.3,75,0.1,10.9
2025-08-01 11:00:00,31.2,72,0.0,8.0
2025-08-01 12:00:00,31.9,71,0.0,5.4
2025-08-01 13:00:00,32.2,70,0.0,3.8
2025-08-01 14:00:00,29.5,77,1.6,13.5
2025-08-01 15:00:00,29.5,80,0.6,4.8
2025-08-01 16:00:00,30.2,77,0.1,2.8
2025-08-01 17:00:00,30.2,77,0.0,4.4
2025-08-01 18:00:00,29.6,79,0.0,4.9
2025-08-01 19:00:00,28.7,85,0.0,4.9
2025-08-01 20:00:00,28.5,87,0.1,8.0
2025-08-01 21:00:00,27.7,92,0.0,8.1
2025-08-01 22:00:00,27.2,94,0.0,3.8
2025-08-01 23:00:00,26.9,96,0.0,3.1
2025-08-02 00:00:00,26.7,96,0.0,1.3
2025-08-02 01:00:00,26.3,97,0.0,1.9
2025-08-02 02:00:00,26.3,97,0.0,4.2
2025-08-02 03:00:00,26.3,97,0.0,5.1
2025-08-02 04:00:00,25.9,97,0.0,3.1
2025-08-02 05:00:00,26.0,98,0.0,4.7
2025-08-02 06:00:00,26.1,97,0.0,6.4
2025-08-02 07:00:00,26.8,92,0.0,4.8
2025-08-02 08:00:00,29.1,86,0.0,2.8
2025-08-02 09:00:00,30.6,80,0.0,2.7
2025-08-02 10:00:00,31.7,75,0.1,3.3
2025-08-02 11:00:00,32.5,73,0.0,4.2
2025-08-02 12:00:00,33.2,70,0.1,5.8
2025-08-02 13:00:00,33.5,70,0.0,6.4
2025-08-02 14:00:00,34.2,67,0.0,6.0
2025-08-02 15:00:00,34.2,65,0.0,5.3
2025-08-02 16:00:00,34.6,62,0.0,8.1
2025-08-02 17:00:00,33.0,71,0.2,14.6
2025-08-02 18:00:00,31.2,78,0.0,12.0
2025-08-02 19:00:00,30.3,80,0.0,11.2
2025-08-02 20:00:00,31.0,81,0.0,11.8
2025-08-02 21:00:00,30.3,84,0.0,9.6
2025-08-02 22:00:00,29.7,84,0.0,9.6
2025-08-02 23:00:00,29.3,83,0.0,9.9
2025-08-03 00:00:00,29.0,84,0.0,8.9
2025-08-03 01:00:00,28.5,87,0.0,6.6
2025-08-03 02:00:00,27.8,91,0.0,3.9
2025-08-03 03:00:00,27.4,94,0.0,3.2
2025-08-03 04:00:00,27.3,95,0.0,1.9
2025-08-03 05:00:00,27.1,97,0.0,1.2
2025-08-03 06:00:00,27.4,98,0.0,2.8
2025-08-03 07:00:00,28.8,91,0.0,4.4
2025-08-03 08:00:00,30.9,83,0.0,4.0
2025-08-03 09:00:00,32.4,73,0.0,6.8
2025-08-03 10:00:00,33.7,65,0.0,10.8
2025-08-03 11:00:00,34.6,60,0.0,12.7
2025-08-03 12:00:00,35.3,58,0.0,13.3
2025-08-03 13:00:00,35.8,57,0.0,12.9
2025-08-03 14:00:00,35.8,56,0.0,8.8
2025-08-03 15:00:00,36.4,54,0.0,8.8
2025-08-03 16:00:00,36.0,55,0.0,7.7
2025-08-03 17:00:00,34.7,61,0.0,13.9
2025-08-03 18:00:00,32.9,72,0.0,9.8
2025-08-03 19:00:00,32.2,75,0.0,10.9
2025-08-03 20:00:00,32.1,68,0.0,12.3
2025-08-03 21:00:00,31.5,72,0.0,12.3
2025-08-03 22:00:00,31.0,75,0.0,11.7
2025-08-03 23:00:00,30.6,76,0.0,10.7
2025-08-04 00:00:00,30.0,79,0.0,8.2
2025-08-04 01:00:00,29.7,80,0.0,9.2
2025-08-04 02:00:00,29.4,80,0.0,8.2
2025-08-04 03:00:00,29.1,80,0.0,8.5
2025-08-04 04:00:00,28.9,79,0.0,8.5
2025-08-04 05:00:00,28.5,80,0.0,6.6
2025-08-04 06:00:00,28.4,82,0.0,6.8
2025-08-04 07:00:00,29.7,80,0.0,6.9
2025-08-04 08:00:00,32.4,67,0.0,10.4
2025-08-04 09:00:00,33.6,60,0.0,12.1
2025-08-04 10:00:00,34.5,58,0.0,12.5
2025-08-04 11:00:00,35.3,57,0.0,11.4
2025-08-04 12:00:00,36.0,55,0.0,11.4
2025-08-04 13:00:00,36.5,53,0.0,10.8
2025-08-04 14:00:00,36.8,51,0.0,10.9
2025-08-04 15:00:00,36.3,52,0.0,10.7
2025-08-04 16:00:00,36.3,53,0.0,8.7
2025-08-04 17:00:00,35.4,58,0.0,2.8
2025-08-04 18:00:00,33.8,67,0.0,6.3
2025-08-04 19:00:00,32.8,71,0.0,10.2
2025-08-04 20:00:00,31.2,75,0.0,4.1
2025-08-04 21:00:00,30.7,80,0.0,5.8
2025-08-04 22:00:00,30.4,82,0.0,7.6
2025-08-04 23:00:00,29.7,85,0.0,3.6
2025-08-05 00:00:00,29.5,86,0.0,1.1
2025-08-05 01:00:00,29.1,89,0.0,0.9
2025-08-05 02:00:00,28.9,91,0.0,0.7
2025-08-05 03:00:00,28.4,93,0.0,3.7
2025-08-05 04:00:00,28.0,94,0.0,4.6
2025-08-05 05:00:00,27.6,96,0.0,5.0
2025-08-05 06:00:00,27.6,95,0.0,4.6
2025-08-05 07:00:00,28.6,91,0.0,4.4
2025-08-05 08:00:00,31.0,83,0.0,2.9
2025-08-05 09:00:00,32.0,76,0.0,4.6
2025-08-05 10:00:00,32.9,69,0.0,5.3
2025-08-05 11:00:00,33.7,66,0.0,6.1
2025-08-05 12:00:00,34.9,62,0.0,7.8
2025-08-05 13:00:00,30.5,80,10.3,14.1
2025-08-05 14:00:00,28.2,90,3.8,8.5
2025-08-05 15:00:00,28.7,90,0.0,7.3
2025-08-05 16:00:00,29.8,85,0.1,5.4
2025-08-05 17:00:00,29.7,85,0.0,5.3
2025-08-05 18:00:00,29.3,87,0.0,5.1
2025-08-05 19:00:00,28.8,91,0.0,5.3
2025-08-05 20:00:00,27.5,94,1.3,6.1
2025-08-05 21:00:00,27.4,95,0.9,6.0
2025-08-05 22:00:00,27.5,95,1.4,4.8
2025-08-05 23:00:00,27.6,96,0.6,4.4
2025-08-06 00:00:00,27.6,97,0.2,4.6
2025-08-06 01:00:00,27.5,95,0.3,3.2
2025-08-06 02:00:00,27.3,96,0.0,6.2
2025-08-06 03:00:00,27.1,96,0.0,4.3
2025-08-06 04:00:00,26.8,97,0.0,4.0
2025-08-06 05:00:00,26.8,96,0.0,5.1
2025-08-06 06:00:00,26.7,97,0.0,5.2
2025-08-06 07:00:00,27.1,94,0.0,3.4
2025-08-06 08:00:00,27.5,95,0.6,5.1
2025-08-06 09:00:00,27.5,96,1.7,8.3
2025-08-06 10:00:00,27.4,94,2.8,7.3
2025-08-06 11:00:00,27.7,90,1.2,6.2
2025-08-06 12:00:00,28.5,87,0.2,5.5
2025-08-06 13:00:00,29.2,84,0.1,7.3
2025-08-06 14:00:00,29.2,83,0.0,7.9
2025-08-06 15:00:00,29.8,82,0.0,7.9
2025-08-06 16:00:00,29.8,84,0.0,7.4
2025-08-06 17:00:00,30.1,84,0.0,6.4
2025-08-06 18:00:00,29.6,87,0.0,5.6
2025-08-06 19:00:00,29.3,88,0.0,6.7
2025-08-06 20:00:00,27.0,96,0.8,6.8
2025-08-06 21:00:00,27.0,96,1.0,9.4
2025-08-06 22:00:00,27.0,96,0.8,3.2
2025-08-06 23:00:00,26.9,96,0.8,5.4
2025-08-07 00:00:00,26.7,97,1.0,5.4
2025-08-07 01:00:00,26.7,97,1.1,5.1
2025-08-07 02:00:00,26.6,97,0.2,6.3
2025-08-07 03:00:00,26.3,98,0.0,6.9
2025-08-07 04:00:00,26.1,98,0.0,4.7
2025-08-07 05:00:00,25.9,99,0.0,3.0
2025-08-07 06:00:00,26.3,98,0.0,2.5
2025-08-07 07:00:00,27.4,95,0.0,4.6
2025-08-07 08:00:00,27.2,93,0.1,6.9
2025-08-07 09:00:00,28.3,89,0.0,4.7
2025-08-07 10:00:00,29.4,83,0.0,2.9
2025-08-07 11:00:00,30.2,79,0.0,4.0
2025-08-07 12:00:00,30.5,77,0.0,3.0
2025-08-07 13:00:00,31.0,76,0.0,3.6
2025-08-07 14:00:00,32.0,72,0.0,7.3
2025-08-07 15:00:00,31.7,72,0.0,8.1
2025-08-07 16:00:00,31.0,76,0.0,7.6
2025-08-07 17:00:00,31.1,76,0.0,6.9
2025-08-07 18:00:00,30.2,80,0.0,7.5
2025-08-07 19:00:00,29.6,83,0.0,7.8
2025-08-07 20:00:00,30.0,81,0.0,10.1
2025-08-07 21:00:00,29.5,84,0.0,10.9
2025-08-07 22:00:00,29.3,84,0.0,11.1
2025-08-07 23:00:00,29.0,83,0.0,11.9
2025-08-08 00:00:00,28.9,81,0.0,14.4
2025-08-08 01:00:00,28.5,81,0.0,12.4
2025-08-08 02:00:00,28.0,85,0.0,10.5
2025-08-08 03:00:00,27.6,89,0.0,7.8
2025-08-08 04:00:00,27.2,92,0.0,6.9
2025-08-08 05:00:00,27.0,95,0.0,7.2
2025-08-08 06:00:00,27.1,96,0.0,8.4
2025-08-08 07:00:00,28.4,93,0.0,7.6
2025-08-08 08:00:00,30.1,87,0.0,9.0
2025-08-08 09:00:00,31.4,78,0.1,9.6
2025-08-08 10:00:00,32.4,71,0.1,10.0
2025-08-08 11:00:00,33.2,64,0.0,8.8
2025-08-08 12:00:00,33.8,62,0.0,7.9
2025-08-08 13:00:00,34.1,63,0.0,7.9
2025-08-08 14:00:00,34.5,61,0.0,9.0
2025-08-08 15:00:00,35.0,58,0.0,11.0
2025-08-08 16:00:00,34.0,59,0.0,13.3
2025-08-08 17:00:00,32.8,67,0.3,11.7
2025-08-08 18:00:00,31.8,72,0.0,12.3
2025-08-08 19:00:00,30.9,77,0.0,13.0
2025-08-08 20:00:00,30.7,73,0.0,12.5
2025-08-08 21:00:00,30.0,78,0.0,13.6
2025-08-08 22:00:00,29.9,80,0.0,16.8
2025-08-08 23:00:00,29.5,83,0.0,16.5
2025-08-09 00:00:00,29.2,84,0.0,15.7
2025-08-09 01:00:00,28.8,85,0.0,14.3
2025-08-09 02:00:00,28.5,86,0.0,12.7
2025-08-09 03:00:00,28.2,88,0.0,11.8
2025-08-09 04:00:00,27.8,90,0.0,10.7
2025-08-09 05:00:00,27.5,91,0.0,10.0
2025-08-09 06:00:00,27.5,92,0.0,9.7
2025-08-09 07:00:00,28.7,88,0.0,7.4
2025-08-09 08:00:00,30.4,81,0.0,6.9
2025-08-09 09:00:00,32.1,74,0.0,6.7
2025-08-09 10:00:00,33.7,60,0.0,8.5
2025-08-09 11:00:00,34.5,56,0.0,9.0
2025-08-09 12:00:00,34.9,55,0.0,7.7
2025-08-09 13:00:00,35.3,54,0.0,6.9
2025-08-09 14:00:00,35.5,52,0.0,7.2
2025-08-09 15:00:00,35.0,55,0.0,8.8
2025-08-09 16:00:00,34.5,56,0.0,10.0
2025-08-09 17:00:00,33.9,61,0.0,11.6
2025-08-09 18:00:00,32.2,69,0.0,13.9
2025-08-09 19:00:00,31.1,74,0.0,13.7
2025-08-09 20:00:00,31.2,73,0.0,9.7
2025-08-09 21:00:00,30.5,77,0.0,10.1
2025-08-09 22:00:00,30.0,83,0.0,12.3
2025-08-09 23:00:00,29.9,84,0.0,14.3
2025-08-10 00:00:00,29.5,84,0.0,11.2
2025-08-10 01:00:00,29.2,87,0.0,9.5
2025-08-10 02:00:00,28.9,88,0.0,10.0
2025-08-10 03:00:00,28.8,88,0.0,10.2
2025-08-10 04:00:00,28.2,91,0.0,5.6
2025-08-10 05:00:00,27.8,93,0.0,4.9
2025-08-10 06:00:00,27.9,92,0.0,6.9
2025-08-10 07:00:00,29.0,90,0.0,7.3
2025-08-10 08:00:00,30.5,84,0.1,10.2
2025-08-10 09:00:00,31.6,78,0.0,9.1
2025-08-10 10:00:00,32.7,73,0.0,9.2
2025-08-10 11:00:00,33.0,71,1.3,7.8
2025-08-10 12:00:00,32.3,75,1.5,9.6
2025-08-10 13:00:00,33.4,70,0.2,6.7
2025-08-10 14:00:00,34.1,64,0.6,9.2
2025-08-10 15:00:00,33.2,68,1.3,9.1
2025-08-10 16:00:00,32.7,70,0.7,9.6
2025-08-10 17:00:00,31.9,74,0.8,12.3
2025-08-10 18:00:00,30.1,82,0.3,10.7
2025-08-10 19:00:00,29.5,83,0.0,9.4
2025-08-10 20:00:00,30.3,81,0.0,12.7
2025-08-10 21:00:00,29.7,85,0.0,11.2
2025-08-10 22:00:00,29.3,87,0.0,10.6
2025-08-10 23:00:00,29.0,89,0.0,10.3
2025-08-11 00:00:00,28.5,91,0.0,11.3
2025-08-11 01:00:00,28.2,91,0.9,7.2
2025-08-11 02:00:00,27.7,94,1.0,9.8
2025-08-11 03:00:00,27.2,95,0.1,11.4
2025-08-11 04:00:00,26.6,97,0.2,4.0
2025-08-11 05:00:00,26.8,97,0.1,4.5
2025-08-11 06:00:00,26.8,97,0.0,3.3
2025-08-11 07:00:00,27.7,92,0.0,7.3
2025-08-11 08:00:00,29.8,84,0.0,6.1
2025-08-11 09:00:00,31.4,76,0.0,7.8
2025-08-11 10:00:00,32.2,72,0.0,8.2
2025-08-11 11:00:00,33.2,66,0.1,8.1
2025-08-11 12:00:00,33.9,63,0.0,8.2
2025-08-11 13:00:00,33.1,66,0.0,12.0
2025-08-11 14:00:00,32.6,70,0.1,13.0
2025-08-11 15:00:00,32.3,73,0.2,9.8
2025-08-11 16:00:00,32.7,69,0.0,11.6
2025-08-11 17:00:00,32.2,69,0.0,13.4
2025-08-11 18:00:00,31.3,74,0.0,12.0
2025-08-11 19:00:00,30.2,79,0.0,12.0
2025-08-11 20:00:00,30.3,80,0.0,13.4
2025-08-11 21:00:00,29.6,84,0.0,11.4
2025-08-11 22:00:00,29.1,87,0.0,11.2
2025-08-11 23:00:00,28.7,90,0.0,11.3
2025-08-12 00:00:00,28.4,92,0.0,10.8
2025-08-12 01:00:00,28.1,94,0.0,10.2
2025-08-12 02:00:00,27.5,93,0.1,9.6
2025-08-12 03:00:00,27.4,92,0.0,8.9
2025-08-12 04:00:00,27.2,93,0.0,10.0
2025-08-12 05:00:00,26.8,94,0.0,8.0
2025-08-12 06:00:00,26.6,93,0.0,7.9
2025-08-12 07:00:00,27.6,88,0.0,8.7
2025-08-12 08:00:00,29.9,83,0.0,9.4
2025-08-12 09:00:00,31.1,78,0.1,10.8
2025-08-12 10:00:00,32.2,70,0.1,9.2
2025-08-12 11:00:00,32.9,66,0.1,10.0
2025-08-12 12:00:00,33.3,65,0.0,8.8
2025-08-12 13:00:00,33.1,65,0.8,12.1
2025-08-12 14:00:00,31.9,72,1.3,6.1
2025-08-12 15:00:00,32.7,69,0.2,7.3
2025-08-12 16:00:00,32.5,70,0.2,11.0
2025-08-12 17:00:00,31.4,72,0.5,8.0
2025-08-12 18:00:00,30.8,77,0.0,5.7
2025-08-12 19:00:00,29.9,83,0.0,5.2
2025-08-12 20:00:00,28.9,85,0.0,6.7
2025-08-12 21:00:00,28.3,88,0.0,4.2
2025-08-12 22:00:00,27.9,90,0.0,3.8
2025-08-12 23:00:00,27.7,92,0.0,4.5
2025-08-13 00:00:00,27.4,94,0.0,2.8
2025-08-13 01:00:00,27.2,95,0.0,2.5
2025-08-13 02:00:00,26.8,96,0.9,3.1
2025-08-13 03:00:00,26.7,98,0.0,6.0
2025-08-13 04:00:00,26.5,96,0.0,7.1
2025-08-13 05:00:00,25.8,96,0.0,3.4
2025-08-13 06:00:00,25.8,96,0.0,3.6
2025-08-13 07:00:00,26.7,91,0.3,1.3
2025-08-13 08:00:00,27.9,82,0.0,6.2
2025-08-13 09:00:00,29.2,76,0.0,6.3
2025-08-13 10:00:00,29.9,75,0.0,3.6
2025-08-13 11:00:00,30.7,71,0.0,3.3
2025-08-13 12:00:00,31.5,70,0.0,2.3
2025-08-13 13:00:00,32.2,69,0.0,2.7
2025-08-13 14:00:00,32.6,67,0.0,1.7
2025-08-13 15:00:00,32.6,68,0.0,2.3
2025-08-13 16:00:00,32.5,67,0.0,3.7
2025-08-13 17:00:00,32.3,68,0.0,3.4
2025-08-13 18:00:00,32.0,68,0.0,1.1
2025-08-13 19:00:00,30.3,80,0.0,2.4
2025-08-13 20:00:00,29.1,86,0.0,6.0
2025-08-13 21:00:00,28.9,87,0.0,7.7
2025-08-13 22:00:00,28.6,89,0.0,7.8
2025-08-13 23:00:00,28.2,91,0.0,6.2
2025-08-14 00:00:00,27.9,92,0.0,5.6
2025-08-14 01:00:00,27.6,94,0.0,4.6
2025-08-14 02:00:00,27.3,95,0.0,4.3
2025-08-14 03:00:00,27.0,95,0.0,3.6
2025-08-14 04:00:00,27.0,95,0.0,1.4
2025-08-14 05:00:00,26.7,96,0.0,1.0
2025-08-14 06:00:00,26.7,98,0.0,2.0
2025-08-14 07:00:00,28.0,91,0.0,3.9
2025-08-14 08:00:00,29.4,84,0.0,2.2
2025-08-14 09:00:00,30.7,79,0.1,2.2
2025-08-14 10:00:00,31.6,77,0.3,0.8
2025-08-14 11:00:00,32.3,75,0.4,1.3
2025-08-14 12:00:00,32.0,76,1.0,5.4
2025-08-14 13:00:00,30.6,78,4.2,4.7
2025-08-14 14:00:00,31.8,73,0.1,5.8
2025-08-14 15:00:00,32.1,72,0.0,2.9
2025-08-14 16:00:00,32.3,71,0.1,2.1
2025-08-14 17:00:00,32.3,70,0.1,0.9
2025-08-14 18:00:00,31.1,76,0.1,2.7
2025-08-14 19:00:00,30.0,83,0.0,4.4
2025-08-14 20:00:00,29.6,85,0.0,5.1
2025-08-14 21:00:00,29.1,88,0.0,5.6
2025-08-14 22:00:00,29.0,88,0.0,7.8
2025-08-14 23:00:00,28.8,87,0.0,9.5
2025-08-15 00:00:00,28.4,87,0.0,8.5
2025-08-15 01:00:00,28.1,87,0.0,7.5
2025-08-15 02:00:00,25.4,96,4.1,16.0
2025-08-15 03:00:00,24.8,97,2.1,8.0
2025-08-15 04:00:00,24.8,96,0.6,11.1
2025-08-15 05:00:00,24.6,96,0.1,11.0
2025-08-15 06:00:00,24.6,96,0.3,9.2
2025-08-15 07:00:00,25.1,93,0.4,6.2
2025-08-15 08:00:00,26.0,89,0.2,10.9
2025-08-15 09:00:00,25.7,91,0.6,12.2
2025-08-15 10:00:00,27.0,84,0.7,9.9
2025-08-15 11:00:00,28.1,80,0.2,7.9
2025-08-15 12:00:00,28.4,79,0.2,8.5
2025-08-15 13:00:00,27.6,84,0.8,9.1
2025-08-15 14:00:00,27.4,87,0.6,6.7
2025-08-15 15:00:00,28.8,81,0.2,7.7
2025-08-15 16:00:00,28.5,82,0.2,6.4
2025-08-15 17:00:00,27.8,80,0.9,14.0
2025-08-15 18:00:00,27.2,88,0.2,9.1
2025-08-15 19:00:00,26.5,88,0.4,6.7
2025-08-15 20:00:00,25.9,91,0.0,9.9
2025-08-15 21:00:00,25.4,93,0.0,7.5
2025-08-15 22:00:00,25.3,93,0.0,6.5
2025-08-15 23:00:00,25.2,94,0.0,6.3
2025-08-16 00:00:00,24.8,97,0.0,6.0
2025-08-16 01:00:00,23.6,97,4.6,6.8
2025-08-16 02:00:00,23.6,97,4.3,6.8
2025-08-16 03:00:00,23.5,97,1.5,1.5
2025-08-16 04:00:00,23.4,98,1.7,8.4
2025-08-16 05:00:00,23.3,99,0.8,3.9
2025-08-16 06:00:00,23.4,98,0.9,4.0
2025-08-16 07:00:00,23.9,95,0.3,3.9
2025-08-16 08:00:00,24.6,93,2.8,10.4
2025-08-16 09:00:00,24.6,93,2.2,1.4
2025-08-16 10:00:00,25.6,89,0.1,2.7
2025-08-16 11:00:00,27.8,79,0.2,5.2
2025-08-16 12:00:00,28.8,76,0.4,6.1
2025-08-16 13:00:00,29.9,71,0.2,6.2
2025-08-16 14:00:00,27.1,81,3.1,11.0
2025-08-16 15:00:00,25.7,90,2.1,5.8
2025-08-16 16:00:00,27.0,86,0.1,2.7
2025-08-16 17:00:00,27.8,83,0.0,3.1
2025-08-16 18:00:00,27.0,87,1.4,7.3
2025-08-16 19:00:00,26.1,92,0.5,7.1
2025-08-16 20:00:00,25.7,91,0.0,4.1
2025-08-16 21:00:00,25.5,93,0.0,6.5
2025-08-16 22:00:00,25.4,93,0.0,7.4
2025-08-16 23:00:00,25.3,94,0.0,8.1
2025-08-17 00:00:00,25.1,96,0.0,8.5
2025-08-17 01:00:00,24.9,97,0.0,8.3
2025-08-17 02:00:00,24.7,98,0.0,8.5
2025-08-17 03:00:00,24.5,97,0.0,7.7
2025-08-17 04:00:00,24.4,96,0.3,10.2
2025-08-17 05:00:00,24.5,94,0.2,7.7
2025-08-17 06:00:00,24.2,96,2.2,11.9
2025-08-17 07:00:00,25.1,95,0.0,8.5
2025-08-17 08:00:00,26.9,85,0.0,8.2
2025-08-17 09:00:00,28.4,77,0.0,10.9
2025-08-17 10:00:00,29.0,75,0.0,11.9
2025-08-17 11:00:00,30.8,67,0.1,11.1
2025-08-17 12:00:00,31.1,66,0.1,10.8
2025-08-17 13:00:00,31.5,67,0.1,12.2
2025-08-17 14:00:00,31.8,67,0.1,14.8
2025-08-17 15:00:00,28.8,80,7.0,16.1
2025-08-17 16:00:00,26.6,87,6.8,3.9
2025-08-17 17:00:00,26.6,89,0.0,3.6
2025-08-17 18:00:00,26.4,91,0.0,5.7
2025-08-17 19:00:00,25.8,94,0.0,5.4
2025-08-17 20:00:00,25.2,94,0.2,10.1
2025-08-17 21:00:00,24.5,94,0.1,6.0
2025-08-17 22:00:00,24.4,96,0.0,5.7
2025-08-17 23:00:00,24.7,94,0.0,8.1
2025-08-18 00:00:00,24.6,94,0.0,9.0
2025-08-18 01:00:00,24.6,93,0.1,9.1
2025-08-18 02:00:00,24.0,97,20.5,6.1
2025-08-18 03:00:00,24.1,97,0.5,11.1
2025-08-18 04:00:00,24.1,96,0.0,11.1
2025-08-18 05:00:00,24.0,96,0.0,11.2
2025-08-18 06:00:00,24.1,96,0.0,12.8
2025-08-18 07:00:00,25.1,93,0.0,11.5
2025-08-18 08:00:00,27.3,85,0.0,13.6
2025-08-18 09:00:00,29.1,80,0.0,11.6
2025-08-18 10:00:00,29.0,73,2.8,17.3
2025-08-18 11:00:00,27.7,80,4.4,14.0
2025-08-18 12:00:00,27.3,87,3.6,8.8
2025-08-18 13:00:00,27.7,87,2.2,8.5
2025-08-18 14:00:00,28.0,83,0.1,9.5
2025-08-18 15:00:00,28.5,79,0.0,5.4
2025-08-18 16:00:00,27.8,82,0.2,7.5
2025-08-18 17:00:00,27.7,83,0.0,6.7
2025-08-18 18:00:00,27.2,87,0.1,6.0
2025-08-18 19:00:00,26.4,91,0.1,6.0
2025-08-18 20:00:00,25.2,96,1.5,8.7
2025-08-18 21:00:00,25.1,96,0.0,7.0
2025-08-18 22:00:00,25.0,94,1.3,6.4
2025-08-18 23:00:00,25.1,95,0.1,7.8
2025-08-19 00:00:00,25.2,95,0.0,10.7
2025-08-19 01:00:00,24.9,95,0.2,11.7
2025-08-19 02:00:00,24.5,98,0.3,12.0
2025-08-19 03:00:00,24.5,97,0.5,10.7
2025-08-19 04:00:00,24.5,98,0.3,10.6
2025-08-19 05:00:00,24.7,98,0.4,10.3
2025-08-19 06:00:00,24.9,98,1.4,8.6
2025-08-19 07:00:00,25.1,97,2.0,7.8
2025-08-19 08:00:00,25.6,95,1.4,9.7
2025-08-19 09:00:00,25.9,95,1.6,7.6
2025-08-19 10:00:00,26.4,91,2.0,9.4
2025-08-19 11:00:00,27.1,87,0.9,8.3
2025-08-19 12:00:00,27.5,86,0.5,7.0
2025-08-19 13:00:00,27.2,87,0.5,9.1
2025-08-19 14:00:00,27.8,83,0.1,9.9
2025-08-19 15:00:00,28.7,79,0.1,9.9
2025-08-19 16:00:00,29.0,79,0.1,10.5
2025-08-19 17:00:00,28.2,85,0.1,7.6
2025-08-19 18:00:00,27.6,88,0.1,8.0
2025-08-19 19:00:00,27.0,89,0.0,7.0
2025-08-19 20:00:00,26.5,90,0.0,12.9
2025-08-19 21:00:00,26.5,90,0.0,10.3
2025-08-19 22:00:00,26.5,91,0.0,10.7
2025-08-19 23:00:00,26.5,91,0.0,10.3
2025-08-20 00:00:00,26.4,92,0.0,10.7
2025-08-20 01:00:00,26.2,92,0.0,8.2
2025-08-20 02:00:00,25.9,94,0.0,8.0
2025-08-20 03:00:00,25.8,95,0.0,9.4
2025-08-20 04:00:00,25.8,96,0.0,7.7
2025-08-20 05:00:00,25.8,97,0.0,7.3
2025-08-20 06:00:00,26.2,97,0.0,8.7
2025-08-20 07:00:00,27.4,93,0.0,9.8
2025-08-20 08:00:00,28.7,87,0.1,13.9
2025-08-20 09:00:00,30.1,79,0.1,13.8
2025-08-20 10:00:00,31.1,74,0.3,14.1
2025-08-20 11:00:00,31.7,71,0.3,13.2
2025-08-20 12:00:00,32.3,69,0.1,15.2
2025-08-20 13:00:00,32.4,69,0.1,15.8
2025-08-20 14:00:00,31.6,72,1.5,16.4
2025-08-20 15:00:00,31.3,71,0.0,16.9
2025-08-20 16:00:00,31.0,73,0.0,14.4
2025-08-20 17:00:00,30.4,76,0.0,13.4
2025-08-20 18:00:00,29.7,79,0.0,13.6
2025-08-20 19:00:00,28.9,82,0.0,13.9
2025-08-20 20:00:00,27.3,84,0.0,9.1
2025-08-20 21:00:00,27.3,85,0.0,8.4
2025-08-20 22:00:00,27.1,87,0.0,7.9
2025-08-20 23:00:00,27.1,89,0.0,9.5
2025-08-21 00:00:00,27.2,91,0.0,6.1
2025-08-21 01:00:00,26.9,94,0.0,6.0
2025-08-21 02:00:00,26.7,95,0.0,9.6
2025-08-21 03:00:00,25.6,97,7.8,5.2
2025-08-21 04:00:00,25.9,97,0.6,11.0
2025-08-21 05:00:00,26.2,96,0.5,7.3
2025-08-21 06:00:00,26.0,97,0.1,5.6
2025-08-21 07:00:00,26.6,94,0.1,13.2
2025-08-21 08:00:00,26.4,93,0.0,9.9
2025-08-21 09:00:00,27.8,89,0.0,11.7
2025-08-21 10:00:00,29.3,82,0.0,13.9
2025-08-21 11:00:00,30.1,81,0.3,12.9
2025-08-21 12:00:00,27.5,86,2.7,10.6
2025-08-21 13:00:00,27.9,88,0.0,10.3
2025-08-21 14:00:00,29.3,81,0.0,13.4
2025-08-21 15:00:00,29.8,80,0.0,15.6
2025-08-21 16:00:00,29.9,79,0.0,16.5
2025-08-21 17:00:00,29.4,83,0.0,13.7
2025-08-21 18:00:00,29.0,84,0.0,11.1
2025-08-21 19:00:00,28.4,86,0.0,10.2
2025-08-21 20:00:00,27.7,89,0.0,9.1
2025-08-21 21:00:00,27.4,89,0.0,7.7
2025-08-21 22:00:00,27.1,92,0.0,9.0
2025-08-21 23:00:00,27.4,92,0.0,11.7
2025-08-22 00:00:00,27.4,92,0.0,11.8
2025-08-22 01:00:00,27.2,92,0.0,13.6
2025-08-22 02:00:00,27.2,92,0.0,13.1
2025-08-22 03:00:00,27.0,92,0.0,12.2
2025-08-22 04:00:00,26.9,92,0.0,11.7
2025-08-22 05:00:00,26.9,92,0.0,11.2
2025-08-22 06:00:00,26.8,91,0.0,12.8
2025-08-22 07:00:00,27.6,87,0.0,14.2
2025-08-22 08:00:00,28.7,83,0.0,13.4
2025-08-22 09:00:00,29.8,79,0.1,15.2
2025-08-22 10:00:00,30.4,77,0.1,15.1
2025-08-22 11:00:00,30.9,75,0.2,15.1
2025-08-22 12:00:00,31.1,76,0.4,11.7
2025-08-22 13:00:00,30.3,80,2.7,7.2
2025-08-22 14:00:00,31.2,75,0.2,10.5
2025-08-22 15:00:00,30.5,72,0.1,13.7
2025-08-22 16:00:00,30.4,73,0.0,11.3
2025-08-22 17:00:00,30.0,74,0.0,11.3
2025-08-22 18:00:00,29.2,78,0.0,12.4
2025-08-22 19:00:00,28.5,81,0.0,12.9
2025-08-22 20:00:00,27.9,82,0.0,11.0
2025-08-22 21:00:00,27.5,85,0.0,10.7
2025-08-22 22:00:00,27.2,88,0.0,9.1
2025-08-22 23:00:00,27.0,90,0.0,8.9
2025-08-23 00:00:00,26.7,92,0.0,7.6
2025-08-23 01:00:00,26.5,93,0.0,6.7
2025-08-23 02:00:00,25.9,95,0.0,4.7
2025-08-23 03:00:00,26.0,94,0.0,6.0
2025-08-23 04:00:00,25.6,96,0.0,4.7
2025-08-23 05:00:00,25.3,96,0.0,4.6
2025-08-23 06:00:00,25.4,96,0.0,6.7
2025-08-23 07:00:00,26.4,92,0.0,7.4
2025-08-23 08:00:00,28.0,85,0.0,9.6
2025-08-23 09:00:00,29.0,80,0.1,11.3
2025-08-23 10:00:00,30.3,74,0.2,10.9
2025-08-23 11:00:00,27.7,85,3.7,8.6
2025-08-23 12:00:00,28.7,79,0.0,6.3
2025-08-23 13:00:00,29.8,73,0.1,6.2
2025-08-23 14:00:00,29.8,73,0.2,6.4
2025-08-23 15:00:00,29.9,73,0.0,2.6
2025-08-23 16:00:00,30.0,73,0.0,0.8
2025-08-23 17:00:00,30.0,73,0.0,1.8
2025-08-23 18:00:00,29.2,82,0.0,2.0
2025-08-23 19:00:00,28.0,84,0.0,5.4
2025-08-23 20:00:00,27.0,91,0.0,1.7
2025-08-23 21:00:00,26.8,92,0.0,1.6
2025-08-23 22:00:00,26.6,93,0.0,2.2
2025-08-23 23:00:00,26.3,95,0.0,3.3
2025-08-24 00:00:00,26.4,96,0.0,4.8
2025-08-24 01:00:00,26.1,96,0.0,5.8
2025-08-24 02:00:00,25.6,97,0.0,4.2
2025-08-24 03:00:00,25.2,98,0.0,3.9
2025-08-24 04:00:00,25.3,99,0.0,6.4
2025-08-24 05:00:00,25.2,98,0.0,5.3
2025-08-24 06:00:00,25.2,98,0.0,8.6
2025-08-24 07:00:00,26.3,95,0.0,8.8
2025-08-24 08:00:00,28.7,87,0.0,9.0
2025-08-24 09:00:00,30.3,78,0.1,10.4
2025-08-24 10:00:00,31.3,72,0.4,11.5
2025-08-24 11:00:00,31.9,69,0.3,11.9
2025-08-24 12:00:00,32.0,68,0.3,11.3
2025-08-24 13:00:00,29.5,74,4.8,14.9
2025-08-24 14:00:00,28.1,83,3.4,3.2
2025-08-24 15:00:00,28.3,83,0.0,2.8
2025-08-24 16:00:00,28.9,81,0.0,8.2
2025-08-24 17:00:00,28.0,84,0.3,12.0
2025-08-24 18:00:00,27.2,85,0.0,10.1
2025-08-24 19:00:00,26.6,87,0.0,10.6
2025-08-24 20:00:00,26.2,90,0.0,4.5
2025-08-24 21:00:00,26.0,92,0.0,8.5
2025-08-24 22:00:00,25.7,91,0.0,10.6
2025-08-24 23:00:00,25.6,91,0.0,13.1
2025-08-25 00:00:00,26.1,89,0.0,14.4
2025-08-25 01:00:00,26.3,86,0.0,16.4
2025-08-25 02:00:00,26.3,84,0.0,16.9
2025-08-25 03:00:00,26.1,83,0.0,17.5
2025-08-25 04:00:00,25.8,83,0.1,16.7
2025-08-25 05:00:00,25.7,83,0.1,17.1
2025-08-25 06:00:00,24.8,90,3.9,18.9
2025-08-25 07:00:00,24.9,89,0.2,23.2
2025-08-25 08:00:00,26.8,80,0.2,20.1
2025-08-25 09:00:00,26.5,83,0.8,19.5
2025-08-25 10:00:00,26.2,86,1.0,22.0
2025-08-25 11:00:00,26.8,84,1.2,22.6
2025-08-25 12:00:00,26.2,90,2.1,19.9
2025-08-25 13:00:00,26.2,91,3.7,22.4
2025-08-25 14:00:00,26.3,87,2.0,21.8
2025-08-25 15:00:00,26.1,91,1.5,20.8
2025-08-25 16:00:00,26.5,87,1.4,24.0
2025-08-25 17:00:00,25.7,92,2.6,21.0
2025-08-25 18:00:00,25.0,93,2.1,18.7
2025-08-25 19:00:00,24.9,94,2.7,16.4
2025-08-25 20:00:00,25.5,93,2.7,19.9
2025-08-25 21:00:00,25.0,93,2.8,19.0
2025-08-25 22:00:00,24.9,93,3.6,19.3
2025-08-25 23:00:00,24.3,94,2.6,19.2
2025-08-26 00:00:00,24.0,93,3.3,23.3
2025-08-26 01:00:00,23.6,95,4.4,18.8
2025-08-26 02:00:00,23.7,96,3.2,19.1
2025-08-26 03:00:00,23.7,96,2.6,18.1
2025-08-26 04:00:00,23.8,96,3.5,16.7
2025-08-26 05:00:00,23.9,96,3.0,17.8
2025-08-26 06:00:00,23.9,96,3.6,17.7
2025-08-26 07:00:00,23.8,96,4.5,17.9
2025-08-26 08:00:00,24.6,96,2.6,19.5
2025-08-26 09:00:00,24.6,96,2.8,17.7
2025-08-26 10:00:00,24.7,97,3.9,18.2
2025-08-26 11:00:00,25.2,95,2.8,19.4
2025-08-26 12:00:00,24.8,96,1.7,18.2
2025-08-26 13:00:00,25.7,95,1.3,18.1
2025-08-26 14:00:00,26.7,92,0.6,14.2
2025-08-26 15:00:00,26.2,88,5.2,18.8
2025-08-26 16:00:00,26.2,87,3.7,17.0
2025-08-26 17:00:00,25.5,92,1.6,14.9
2025-08-26 18:00:00,25.7,91,0.2,14.1
2025-08-26 19:00:00,25.3,94,0.1,11.4
2025-08-26 20:00:00,24.5,96,1.5,10.4
2025-08-26 21:00:00,24.2,96,2.9,11.5
2025-08-26 22:00:00,24.2,96,0.4,5.1
2025-08-26 23:00:00,24.0,97,1.7,3.3
2025-08-27 00:00:00,23.8,99,2.6,5.4
2025-08-27 01:00:00,23.8,99,1.2,6.3
2025-08-27 02:00:00,23.6,99,0.5,5.8
2025-08-27 03:00:00,23.6,98,0.9,6.0
2025-08-27 04:00:00,23.5,98,0.3,6.5
2025-08-27 05:00:00,23.5,98,0.4,5.0
2025-08-27 06:00:00,23.5,97,0.1,6.1
2025-08-27 07:00:00,23.7,98,1.6,1.9
2025-08-27 08:00:00,24.1,98,3.0,6.1
2025-08-27 09:00:00,24.4,97,2.9,5.6
2025-08-27 10:00:00,24.8,96,2.9,5.3
2025-08-27 11:00:00,25.1,94,2.7,6.8
2025-08-27 12:00:00,25.8,93,1.8,6.1
2025-08-27 13:00:00,27.0,89,1.0,4.2
2025-08-27 14:00:00,27.3,86,0.3,1.3
2025-08-27 15:00:00,28.1,80,0.1,4.4
2025-08-27 16:00:00,27.9,80,0.0,6.4
2025-08-27 17:00:00,27.3,83,0.0,7.0
2025-08-27 18:00:00,26.5,89,0.0,2.6
2025-08-27 19:00:00,25.9,92,0.0,1.8
2025-08-27 20:00:00,25.3,93,0.0,1.1
2025-08-27 21:00:00,25.2,94,0.0,0.7
2025-08-27 22:00:00,25.1,94,0.0,0.9
2025-08-27 23:00:00,24.8,96,0.0,1.9
2025-08-28 00:00:00,24.4,98,0.0,3.1
2025-08-28 01:00:00,24.2,99,0.0,3.1
2025-08-28 02:00:00,24.0,99,0.0,3.5
2025-08-28 03:00:00,24.0,99,0.0,2.1
2025-08-28 04:00:00,23.8,99,0.0,3.5
2025-08-28 05:00:00,23.6,99,0.0,3.4
2025-08-28 06:00:00,23.8,98,0.0,1.3
2025-08-28 07:00:00,25.1,94,0.0,4.0
2025-08-28 08:00:00,26.6,91,0.1,3.1
2025-08-28 09:00:00,27.9,87,0.3,1.4
2025-08-28 10:00:00,29.0,79,0.3,2.7
2025-08-28 11:00:00,29.8,71,0.3,3.4
2025-08-28 12:00:00,30.2,69,0.1,5.1
2025-08-28 13:00:00,30.6,69,0.5,4.8
2025-08-28 14:00:00,30.4,70,0.1,5.4
2025-08-28 15:00:00,30.4,64,0.0,13.0
2025-08-28 16:00:00,27.6,81,0.1,9.1
2025-08-28 17:00:00,27.5,82,0.0,4.6
2025-08-28 18:00:00,27.1,88,0.0,1.9
2025-08-28 19:00:00,26.5,90,0.0,2.4
2025-08-28 20:00:00,27.4,85,0.3,3.9
2025-08-28 21:00:00,27.5,84,0.1,0.6
2025-08-28 22:00:00,26.5,89,0.0,2.4
2025-08-28 23:00:00,25.9,94,0.0,3.8
2025-08-29 00:00:00,25.5,96,0.0,4.6
2025-08-29 01:00:00,25.1,98,0.0,6.8
2025-08-29 02:00:00,24.8,97,0.0,7.1
2025-08-29 03:00:00,24.5,96,0.0,6.3
2025-08-29 04:00:00,24.4,95,0.0,5.9
2025-08-29 05:00:00,23.8,94,1.5,8.5
2025-08-29 06:00:00,24.0,94,0.3,8.5
2025-08-29 07:00:00,24.7,93,0.2,8.1
2025-08-29 08:00:00,27.3,80,0.2,10.8
2025-08-29 09:00:00,27.4,80,0.1,11.2
2025-08-29 10:00:00,29.2,73,0.0,10.6
2025-08-29 11:00:00,30.4,69,0.0,11.6
2025-08-29 12:00:00,30.8,69,0.1,10.4
2025-08-29 13:00:00,30.1,71,0.6,15.0
2025-08-29 14:00:00,28.9,78,1.1,8.0
2025-08-29 15:00:00,27.2,79,1.4,19.3
2025-08-29 16:00:00,26.6,86,0.5,7.4
2025-08-29 17:00:00,27.0,85,0.0,5.0
2025-08-29 18:00:00,26.1,93,3.3,4.5
2025-08-29 19:00:00,26.1,93,0.3,5.7
2025-08-29 20:00:00,26.6,92,0.2,2.4
2025-08-29 21:00:00,26.5,92,0.0,8.3
2025-08-29 22:00:00,26.5,88,0.0,12.2
2025-08-29 23:00:00,26.2,87,0.2,13.0
2025-08-30 00:00:00,25.8,89,0.2,12.5
2025-08-30 01:00:00,25.4,91,0.0,11.1
2025-08-30 02:00:00,25.1,94,1.1,7.9
2025-08-30 03:00:00,24.9,93,0.3,12.2
2025-08-30 04:00:00,24.4,96,0.2,12.9
2025-08-30 05:00:00,24.3,96,1.5,15.4
2025-08-30 06:00:00,24.4,96,1.1,13.4
2025-08-30 07:00:00,25.2,94,0.0,10.2
2025-08-30 08:00:00,27.8,85,0.0,12.0
2025-08-30 09:00:00,29.2,74,0.0,17.8
2025-08-30 10:00:00,29.2,74,0.0,16.9
2025-08-30 11:00:00,30.0,74,0.2,16.2
2025-08-30 12:00:00,28.4,85,1.1,12.9
2025-08-30 13:00:00,29.8,72,1.2,21.4
2025-08-30 14:00:00,28.5,82,1.0,11.8
2025-08-30 15:00:00,28.2,84,1.0,12.4
2025-08-30 16:00:00,27.4,88,5.1,9.8
2025-08-30 17:00:00,26.0,91,3.7,12.6
2025-08-30 18:00:00,25.1,95,1.1,9.2
2025-08-30 19:00:00,25.6,94,0.2,9.3
2025-08-30 20:00:00,24.8,96,1.4,11.6
2025-08-30 21:00:00,24.9,94,0.0,4.7
2025-08-30 22:00:00,24.7,94,0.0,5.2
2025-08-30 23:00:00,25.0,93,0.0,7.3
2025-08-31 00:00:00,25.0,95,0.0,10.1
2025-08-31 01:00:00,24.4,97,2.3,3.6
2025-08-31 02:00:00,24.0,99,1.0,7.1
2025-08-31 03:00:00,24.2,98,0.1,9.0
2025-08-31 04:00:00,23.9,98,0.1,6.9
2025-08-31 05:00:00,23.7,100,0.5,6.5
2025-08-31 06:00:00,23.4,99,4.7,4.4
2025-08-31 07:00:00,24.3,95,1.0,9.5
2025-08-31 08:00:00,25.2,95,1.2,5.9
2025-08-31 09:00:00,26.3,88,0.9,1.3
2025-08-31 10:00:00,27.8,85,0.1,3.8
2025-08-31 11:00:00,29.8,75,0.1,6.3
2025-08-31 12:00:00,30.5,73,0.0,6.7
2025-08-31 13:00:00,26.5,90,2.4,10.2
2025-08-31 14:00:00,27.1,86,0.1,4.7
2025-08-31 15:00:00,27.5,85,0.6,8.7
2025-08-31 16:00:00,27.4,84,0.6,4.9
2025-08-31 17:00:00,27.1,86,0.0,2.8
2025-08-31 18:00:00,26.5,91,0.1,1.5
2025-08-31 19:00:00,26.0,91,0.0,1.9
2025-08-31 20:00:00,26.2,91,0.0,0.5
2025-08-31 21:00:00,25.9,92,0.0,0.4
2025-08-31 22:00:00,25.7,93,0.0,1.0
2025-08-31 23:00:00,25.3,96,0.0,4.1
2025-09-01 00:00:00,25.3,97,0.0,4.7
2025-09-01 01:00:00,25.4,98,0.0,6.7
2025-09-01 02:00:00,25.2,99,0.0,5.8
2025-09-01 03:00:00,24.4,99,2.9,0.4
2025-09-01 04:00:00,24.4,98,1.3,1.6
2025-09-01 05:00:00,24.4,98,0.2,4.2
2025-09-01 06:00:00,24.1,99,0.6,3.6
2025-09-01 07:00:00,24.8,94,0.1,3.9
2025-09-01 08:00:00,25.5,93,4.6,2.7
2025-09-01 09:00:00,26.2,89,0.1,1.5
2025-09-01 10:00:00,28.0,82,0.1,2.0
2025-09-01 11:00:00,29.1,78,0.1,5.2
2025-09-01 12:00:00,29.5,77,0.2,3.5
2025-09-01 13:00:00,30.1,73,0.1,3.1
2025-09-01 14:00:00,30.4,72,0.0,5.8
2025-09-01 15:00:00,30.6,69,0.0,7.8
2025-09-01 16:00:00,30.1,71,0.0,8.5
2025-09-01 17:00:00,29.1,77,0.0,10.1
2025-09-01 18:00:00,28.0,85,0.0,9.1
2025-09-01 19:00:00,27.4,88,0.0,7.2
2025-09-01 20:00:00,26.8,90,0.0,5.3
2025-09-01 21:00:00,26.3,93,0.0,4.1
2025-09-01 22:00:00,26.1,93,0.0,4.2
2025-09-01 23:00:00,25.9,94,0.0,3.3
2025-09-02 00:00:00,25.7,95,0.0,2.5
2025-09-02 01:00:00,25.5,96,0.0,2.2
2025-09-02 02:00:00,25.4,97,0.0,0.4
2025-09-02 03:00:00,25.1,99,0.0,0.4
2025-09-02 04:00:00,24.9,100,0.0,3.4
2025-09-02 05:00:00,24.9,99,0.0,5.2
2025-09-02 06:00:00,24.9,99,0.0,5.1
2025-09-02 07:00:00,25.8,94,0.0,5.6
2025-09-02 08:00:00,27.9,87,0.0,5.1
2025-09-02 09:00:00,29.2,80,0.0,3.8
2025-09-02 10:00:00,30.1,75,0.1,3.8
2025-09-02 11:00:00,30.7,72,0.1,3.7
2025-09-02 12:00:00,31.1,71,0.1,4.8
2025-09-02 13:00:00,31.2,70,0.1,6.2
2025-09-02 14:00:00,31.4,72,0.1,9.9
2025-09-02 15:00:00,31.1,71,0.1,10.1
2025-09-02 16:00:00,31.0,69,0.0,12.5
2025-09-02 17:00:00,29.5,76,0.0,13.8
2025-09-02 18:00:00,28.5,83,0.0,7.2
2025-09-02 19:00:00,27.9,87,0.0,6.7
2025-09-02 20:00:00,27.0,89,0.0,6.1
2025-09-02 21:00:00,26.8,89,0.0,5.7
2025-09-02 22:00:00,26.8,89,0.0,5.9
2025-09-02 23:00:00,26.6,90,0.0,5.3
2025-09-03 00:00:00,26.3,93,0.0,4.9
2025-09-03 01:00:00,26.1,95,0.0,4.8
2025-09-03 02:00:00,25.8,96,0.0,3.8
2025-09-03 03:00:00,25.6,97,0.0,3.9
2025-09-03 04:00:00,25.5,97,0.0,4.4
2025-09-03 05:00:00,25.3,98,0.0,4.0
2025-09-03 06:00:00,25.3,99,0.0,4.0
2025-09-03 07:00:00,26.6,95,0.0,4.0
2025-09-03 08:00:00,28.9,84,0.0,6.9
2025-09-03 09:00:00,30.1,74,0.0,7.4
2025-09-03 10:00:00,31.0,69,0.0,8.6
2025-09-03 11:00:00,31.5,66,0.0,9.0
2025-09-03 12:00:00,32.0,64,0.1,8.3
2025-09-03 13:00:00,32.5,61,0.1,8.6
2025-09-03 14:00:00,32.0,64,0.0,11.7
2025-09-03 15:00:00,31.8,67,0.0,11.2
2025-09-03 16:00:00,31.5,69,0.0,12.0
2025-09-03 17:00:00,30.0,77,0.0,12.8
2025-09-03 18:00:00,29.2,82,0.0,7.2
2025-09-03 19:00:00,28.7,84,0.0,9.0
2025-09-03 20:00:00,28.3,83,0.0,9.4
2025-09-03 21:00:00,28.0,86,0.0,9.6
2025-09-03 22:00:00,27.5,88,0.0,8.5
2025-09-03 23:00:00,27.1,90,0.0,7.4
2025-09-04 00:00:00,26.7,91,0.0,6.3
2025-09-04 01:00:00,26.5,91,0.0,7.3
2025-09-04 02:00:00,26.2,93,0.0,8.2
2025-09-04 03:00:00,26.0,94,0.0,7.8
2025-09-04 04:00:00,25.7,96,0.0,7.4
2025-09-04 05:00:00,25.4,97,0.0,6.8
2025-09-04 06:00:00,25.4,97,0.0,7.3
2025-09-04 07:00:00,26.6,94,0.0,7.0
2025-09-04 08:00:00,29.0,85,0.0,7.5
2025-09-04 09:00:00,30.5,72,0.0,8.8
2025-09-04 10:00:00,31.5,65,0.0,9.6
2025-09-04 11:00:00,32.0,62,0.0,10.1
2025-09-04 12:00:00,32.5,61,0.0,10.4
2025-09-04 13:00:00,32.7,61,0.0,11.4
2025-09-04 14:00:00,32.7,63,0.0,11.5
2025-09-04 15:00:00,32.5,65,0.0,11.1
2025-09-04 16:00:00,32.2,67,0.0,11.3
2025-09-04 17:00:00,31.1,73,0.0,11.5
2025-09-04 18:00:00,29.8,81,0.0,8.1
2025-09-04 19:00:00,29.1,83,0.0,8.6
2025-09-04 20:00:00,29.4,77,0.0,10.7
2025-09-04 21:00:00,28.6,80,0.0,10.6
2025-09-04 22:00:00,27.9,84,0.0,10.0
2025-09-04 23:00:00,27.4,88,0.0,10.0
2025-09-05 00:00:00,27.0,90,0.0,9.3
2025-09-05 01:00:00,26.7,92,0.0,9.1
2025-09-05 02:00:00,26.5,93,0.0,8.2
2025-09-05 03:00:00,26.1,95,0.0,6.1
2025-09-05 04:00:00,25.9,97,0.0,5.8
2025-09-05 05:00:00,25.7,97,0.0,6.7
2025-09-05 06:00:00,25.6,98,0.0,6.6
2025-09-05 07:00:00,26.9,94,0.0,7.2
2025-09-05 08:00:00,29.3,84,0.0,8.6
2025-09-05 09:00:00,30.6,72,0.0,8.7
2025-09-05 10:00:00,31.7,65,0.0,8.6
2025-09-05 11:00:00,32.5,62,0.0,8.0
2025-09-05 12:00:00,32.9,60,0.0,9.1
2025-09-05 13:00:00,33.0,60,0.0,9.4
2025-09-05 14:00:00,33.2,61,0.0,7.8
2025-09-05 15:00:00,33.0,63,0.0,8.3
2025-09-05 16:00:00,32.6,65,0.0,9.3
2025-09-05 17:00:00,31.8,70,0.0,8.4
2025-09-05 18:00:00,30.5,77,0.0,7.8
2025-09-05 19:00:00,29.7,81,0.0,11.8
2025-09-05 20:00:00,29.3,82,0.0,11.1
2025-09-05 21:00:00,28.9,85,0.0,9.8
2025-09-05 22:00:00,28.6,86,0.0,10.7
2025-09-05 23:00:00,28.2,86,0.0,8.9
2025-09-06 00:00:00,27.7,88,0.0,8.0
2025-09-06 01:00:00,27.2,90,0.0,5.7
2025-09-06 02:00:00,26.6,93,0.0,4.6
2025-09-06 03:00:00,26.2,95,0.0,3.8
2025-09-06 04:00:00,26.2,95,0.0,1.8
2025-09-06 05:00:00,26.0,97,0.0,3.3
2025-09-06 06:00:00,26.0,97,0.0,3.2
2025-09-06 07:00:00,27.4,92,0.0,4.2
2025-09-06 08:00:00,29.6,82,0.0,4.0
2025-09-06 09:00:00,30.7,78,0.1,3.9
2025-09-06 10:00:00,31.4,75,0.1,4.0
2025-09-06 11:00:00,32.1,71,0.0,3.4
2025-09-06 12:00:00,32.4,66,0.1,1.5
2025-09-06 13:00:00,32.8,63,0.0,1.4
2025-09-06 14:00:00,32.8,62,0.0,4.3
2025-09-06 15:00:00,32.5,64,0.1,5.0
2025-09-06 16:00:00,30.0,77,0.5,12.6
2025-09-06 17:00:00,28.7,85,0.0,6.2
2025-09-06 18:00:00,28.4,86,0.0,4.2
2025-09-06 19:00:00,28.2,87,0.0,5.4
2025-09-06 20:00:00,29.2,84,0.0,8.1
2025-09-06 21:00:00,28.7,85,0.0,7.7
2025-09-06 22:00:00,28.1,85,0.0,7.1
2025-09-06 23:00:00,27.7,87,0.0,6.1
2025-09-07 00:00:00,27.1,90,0.0,4.3
2025-09-07 01:00:00,26.9,92,0.0,2.3
2025-09-07 02:00:00,26.8,93,0.0,0.4
2025-09-07 03:00:00,26.3,96,0.0,1.8
2025-09-07 04:00:00,26.0,98,0.0,3.5
2025-09-07 05:00:00,25.6,99,0.0,3.2
2025-09-07 06:00:00,25.7,99,0.0,4.1
2025-09-07 07:00:00,27.1,93,0.0,2.9
2025-09-07 08:00:00,29.7,81,0.0,4.1
2025-09-07 09:00:00,30.7,70,0.3,4.7
2025-09-07 10:00:00,31.2,67,0.0,4.2
2025-09-07 11:00:00,32.2,61,0.0,2.7
2025-09-07 12:00:00,32.8,57,0.0,0.9
2025-09-07 13:00:00,33.2,56,0.0,1.3
2025-09-07 14:00:00,33.3,55,0.0,0.0
2025-09-07 15:00:00,33.3,54,0.0,1.0
2025-09-07 16:00:00,32.9,56,0.0,3.0
2025-09-07 17:00:00,32.5,60,0.0,2.7
2025-09-07 18:00:00,30.6,71,0.0,4.3
2025-09-07 19:00:00,29.8,72,0.0,6.2
2025-09-07 20:00:00,30.0,71,0.0,6.5
2025-09-07 21:00:00,29.2,73,0.0,5.7
2025-09-07 22:00:00,28.9,74,0.0,6.4
2025-09-07 23:00:00,28.4,77,0.0,6.9
2025-09-08 00:00:00,27.9,80,0.0,7.5
2025-09-08 01:00:00,27.6,81,0.0,7.1
2025-09-08 02:00:00,27.5,81,0.0,8.2
2025-09-08 03:00:00,27.3,82,0.0,7.3
2025-09-08 04:00:00,26.7,85,0.0,3.4
2025-09-08 05:00:00,26.7,85,0.0,0.9
2025-09-08 06:00:00,26.4,88,0.0,0.6
2025-09-08 07:00:00,27.7,84,0.0,4.4
2025-09-08 08:00:00,29.5,79,0.1,5.6
2025-09-08 09:00:00,31.1,72,0.0,3.6
2025-09-08 10:00:00,32.8,64,0.0,2.7
2025-09-08 11:00:00,33.5,59,0.1,3.1
2025-09-08 12:00:00,33.8,58,0.1,4.4
2025-09-08 13:00:00,34.2,57,0.0,3.5
2025-09-08 14:00:00,34.3,57,0.0,1.7
2025-09-08 15:00:00,34.2,57,0.0,2.4
2025-09-08 16:00:00,34.2,56,0.0,4.3
2025-09-08 17:00:00,33.3,62,0.0,6.0
2025-09-08 18:00:00,31.7,70,0.0,8.0
2025-09-08 19:00:00,31.1,73,0.0,7.5
2025-09-08 20:00:00,30.3,77,0.0,14.0
2025-09-08 21:00:00,29.6,80,0.0,13.9
2025-09-08 22:00:00,29.2,80,0.0,13.1
2025-09-08 23:00:00,28.9,80,0.0,11.6
2025-09-09 00:00:00,28.5,82,0.0,11.7
2025-09-09 01:00:00,28.2,84,0.0,9.7
2025-09-09 02:00:00,27.8,87,0.0,8.1
2025-09-09 03:00:00,27.4,89,0.0,7.1
2025-09-09 04:00:00,27.3,90,0.0,6.6
2025-09-09 05:00:00,27.0,93,0.0,3.7
2025-09-09 06:00:00,27.0,93,0.0,3.3
2025-09-09 07:00:00,27.6,91,0.0,3.9
2025-09-09 08:00:00,29.4,85,0.0,3.8
2025-09-09 09:00:00,30.1,81,0.1,1.8
2025-09-09 10:00:00,30.6,80,0.1,1.8
2025-09-09 11:00:00,31.5,77,0.0,1.7
2025-09-09 12:00:00,31.9,75,0.1,3.2
2025-09-09 13:00:00,30.5,77,0.4,4.5
2025-09-09 14:00:00,31.0,75,0.0,3.4
2025-09-09 15:00:00,31.5,73,0.0,4.4
2025-09-09 16:00:00,27.4,87,2.3,11.1
2025-09-09 17:00:00,27.2,88,0.0,8.1
2025-09-09 18:00:00,27.0,90,0.2,5.2
2025-09-09 19:00:00,26.7,93,0.1,4.4
2025-09-09 20:00:00,26.4,95,0.0,2.8
2025-09-09 21:00:00,26.5,94,0.0,1.8
2025-09-09 22:00:00,26.4,95,0.0,3.5
2025-09-09 23:00:00,26.2,97,0.0,3.1
2025-09-10 00:00:00,26.3,95,0.0,5.2
2025-09-10 01:00:00,26.2,95,0.0,4.6
2025-09-10 02:00:00,25.9,96,0.0,2.1
2025-09-10 03:00:00,25.9,96,0.0,2.1
2025-09-10 04:00:00,25.8,96,0.0,2.9
2025-09-10 05:00:00,25.6,98,0.0,3.6
2025-09-10 06:00:00,25.5,98,0.0,2.2
2025-09-10 07:00:00,26.7,93,0.0,4.5
2025-09-10 08:00:00,27.8,87,0.1,5.5
2025-09-10 09:00:00,28.7,83,0.2,5.9
2025-09-10 10:00:00,29.8,80,0.2,6.4
2025-09-10 11:00:00,30.7,76,0.2,4.5
2025-09-10 12:00:00,31.3,73,0.2,6.9
2025-09-10 13:00:00,29.6,81,0.8,6.1
2025-09-10 14:00:00,30.6,79,0.4,5.4
2025-09-10 15:00:00,31.0,77,0.4,4.7
2025-09-10 16:00:00,30.9,77,3.1,6.1
2025-09-10 17:00:00,30.1,77,3.9,3.1
2025-09-10 18:00:00,28.9,86,0.0,0.5
2025-09-10 19:00:00,28.2,88,0.0,0.4
2025-09-10 20:00:00,26.9,94,0.3,3.2
2025-09-10 21:00:00,26.7,96,0.1,3.6
2025-09-10 22:00:00,27.0,94,0.0,6.6
2025-09-10 23:00:00,27.0,94,0.0,6.9
2025-09-11 00:00:00,26.4,94,3.9,10.0
2025-09-11 01:00:00,25.9,95,1.0,8.3
2025-09-11 02:00:00,25.3,97,5.3,4.4
2025-09-11 03:00:00,25.3,95,0.1,7.9
2025-09-11 04:00:00,25.1,96,0.1,8.6
2025-09-11 05:00:00,25.0,96,0.1,6.5
2025-09-11 06:00:00,25.0,96,0.1,7.0
2025-09-11 07:00:00,25.7,92,0.1,8.9
2025-09-11 08:00:00,26.0,93,1.5,8.1
2025-09-11 09:00:00,27.6,86,0.1,8.5
2025-09-11 10:00:00,29.1,82,0.2,8.9
2025-09-11 11:00:00,30.8,75,0.2,8.1
2025-09-11 12:00:00,29.1,80,3.6,11.9
2025-09-11 13:00:00,26.6,89,6.5,4.5
2025-09-11 14:00:00,27.7,88,0.9,5.2
2025-09-11 15:00:00,29.7,78,0.3,10.3
2025-09-11 16:00:00,30.2,77,0.0,8.9
2025-09-11 17:00:00,29.9,79,0.1,9.7
2025-09-11 18:00:00,28.3,84,0.2,8.4
2025-09-11 19:00:00,27.7,88,0.0,9.0
2025-09-11 20:00:00,27.2,91,0.0,9.7
2025-09-11 21:00:00,26.8,92,0.0,8.7
2025-09-11 22:00:00,26.1,94,0.2,6.3
2025-09-11 23:00:00,26.0,93,0.1,5.5
2025-09-12 00:00:00,25.7,94,0.2,8.4
2025-09-12 01:00:00,25.4,96,0.0,9.0
2025-09-12 02:00:00,25.2,97,0.0,7.4
2025-09-12 03:00:00,25.0,98,0.1,6.5
2025-09-12 04:00:00,25.0,98,0.0,7.4
2025-09-12 05:00:00,25.0,97,0.0,7.2
2025-09-12 06:00:00,24.9,98,0.0,7.0
2025-09-12 07:00:00,25.8,94,0.0,9.8
2025-09-12 08:00:00,27.0,88,0.1,10.1
2025-09-12 09:00:00,28.3,81,0.1,14.5
2025-09-12 10:00:00,29.6,78,0.1,12.0
2025-09-12 11:00:00,30.5,77,0.2,11.0
2025-09-12 12:00:00,31.1,75,0.2,12.2
2025-09-12 13:00:00,31.1,75,0.2,11.9
2025-09-12 14:00:00,28.0,86,2.0,16.0
2025-09-12 15:00:00,29.1,82,0.2,9.4
2025-09-12 16:00:00,30.0,79,0.1,9.1
2025-09-12 17:00:00,26.0,90,6.1,14.0
2025-09-12 18:00:00,25.8,93,0.1,5.6
2025-09-12 19:00:00,25.9,95,0.0,6.9
2025-09-12 20:00:00,26.0,92,0.0,5.2
2025-09-12 21:00:00,26.0,93,0.0,4.7
2025-09-12 22:00:00,25.8,95,0.0,4.0
2025-09-12 23:00:00,25.7,96,0.0,3.6
2025-09-13 00:00:00,25.8,96,0.0,4.6
2025-09-13 01:00:00,25.6,96,0.1,4.6
2025-09-13 02:00:00,25.4,97,0.0,4.0
2025-09-13 03:00:00,25.3,98,0.0,6.0
2025-09-13 04:00:00,25.1,99,0.0,4.8
2025-09-13 05:00:00,25.0,99,0.0,4.3
2025-09-13 06:00:00,24.9,99,0.0,3.4
2025-09-13 07:00:00,26.3,96,0.0,5.9
2025-09-13 08:00:00,28.3,88,0.0,7.8
2025-09-13 09:00:00,29.5,78,0.2,12.2
2025-09-13 10:00:00,30.4,74,0.1,10.1
2025-09-13 11:00:00,31.1,69,0.0,9.6
2025-09-13 12:00:00,31.7,66,0.0,10.6
2025-09-13 13:00:00,32.0,64,0.0,10.4
2025-09-13 14:00:00,32.0,64,0.0,11.7
2025-09-13 15:00:00,32.0,65,0.0,12.0
2025-09-13 16:00:00,31.7,65,0.0,11.5
2025-09-13 17:00:00,30.3,74,0.0,10.5
2025-09-13 18:00:00,29.0,80,0.0,8.9
2025-09-13 19:00:00,28.4,83,0.0,9.8
2025-09-13 20:00:00,28.6,82,0.0,8.2
2025-09-13 21:00:00,28.1,80,0.0,8.2
2025-09-13 22:00:00,27.3,83,0.0,7.3
2025-09-13 23:00:00,26.8,87,0.0,6.6
2025-09-14 00:00:00,26.3,91,0.0,5.4
2025-09-14 01:00:00,25.8,94,0.0,4.4
2025-09-14 02:00:00,25.6,94,0.0,3.2
2025-09-14 03:00:00,25.4,96,0.0,2.8
2025-09-14 04:00:00,25.0,98,0.1,3.1
2025-09-14 05:00:00,25.3,97,0.0,5.6
2025-09-14 06:00:00,25.1,97,0.1,8.4
2025-09-14 07:00:00,26.1,94,0.2,7.9
2025-09-14 08:00:00,28.4,84,0.0,6.3
2025-09-14 09:00:00,29.8,74,0.1,7.5
2025-09-14 10:00:00,30.7,70,0.0,6.8
2025-09-14 11:00:00,31.2,68,0.0,6.6
2025-09-14 12:00:00,29.3,77,2.5,10.2
2025-09-14 13:00:00,30.3,72,0.1,6.0
2025-09-14 14:00:00,31.1,67,0.0,8.0
2025-09-14 15:00:00,30.5,71,0.2,9.4
2025-09-14 16:00:00,30.1,74,0.0,9.7
2025-09-14 17:00:00,29.5,76,0.0,8.5
2025-09-14 18:00:00,28.7,81,0.0,7.1
2025-09-14 19:00:00,27.8,86,0.0,5.9
2025-09-14 20:00:00,27.4,87,0.0,9.0
2025-09-14 21:00:00,27.2,89,0.0,6.9
2025-09-14 22:00:00,27.0,91,0.0,6.6
2025-09-14 23:00:00,26.9,92,0.0,6.5
2025-09-15 00:00:00,26.6,94,0.0,5.7
2025-09-15 01:00:00,26.3,96,0.0,5.1
2025-09-15 02:00:00,25.4,92,1.3,10.3
2025-09-15 03:00:00,25.2,92,0.0,6.4
2025-09-15 04:00:00,25.0,93,0.2,4.4
2025-09-15 05:00:00,24.6,97,0.0,7.3
2025-09-15 06:00:00,24.5,97,0.0,4.5
2025-09-15 07:00:00,24.9,95,0.0,9.0
2025-09-15 08:00:00,27.9,87,0.1,7.7
2025-09-15 09:00:00,29.0,82,0.1,5.0
2025-09-15 10:00:00,30.1,75,0.1,3.1
2025-09-15 11:00:00,30.3,72,0.3,5.5
2025-09-15 12:00:00,26.7,87,2.4,10.1
2025-09-15 13:00:00,28.2,79,0.2,11.6
2025-09-15 14:00:00,28.9,77,0.1,8.5
2025-09-15 15:00:00,29.7,72,0.1,8.9
2025-09-15 16:00:00,29.6,72,0.0,10.9
2025-09-15 17:00:00,29.0,74,0.0,9.9
2025-09-15 18:00:00,27.6,82,0.0,9.9
2025-09-15 19:00:00,26.8,88,0.0,8.5
2025-09-15 20:00:00,26.9,88,0.0,4.8
2025-09-15 21:00:00,26.7,89,0.0,4.9
2025-09-15 22:00:00,26.3,90,0.0,4.7
2025-09-15 23:00:00,26.0,91,0.0,4.7
2025-09-16 00:00:00,25.3,92,3.3,2.5
2025-09-16 01:00:00,24.7,94,6.6,2.3
2025-09-16 02:00:00,24.6,96,1.1,2.5
2025-09-16 03:00:00,24.3,98,0.0,3.4
2025-09-16 04:00:00,24.2,99,0.0,4.6
2025-09-16 05:00:00,24.1,98,0.0,5.0
2025-09-16 06:00:00,24.1,98,0.0,6.6
2025-09-16 07:00:00,25.0,94,0.0,6.0
2025-09-16 08:00:00,26.9,88,0.0,4.3
2025-09-16 09:00:00,28.2,81,0.0,3.2
2025-09-16 10:00:00,29.5,76,0.0,1.3
2025-09-16 11:00:00,30.3,70,0.1,3.8
2025-09-16 12:00:00,30.8,68,0.2,2.3
2025-09-16 13:00:00,31.2,67,0.1,1.2
2025-09-16 14:00:00,31.2,67,0.0,2.7
2025-09-16 15:00:00,31.6,65,0.0,3.0
2025-09-16 16:00:00,31.2,66,0.0,4.0
2025-09-16 17:00:00,30.8,69,0.0,5.0
2025-09-16 18:00:00,29.4,76,0.0,7.3
2025-09-16 19:00:00,28.6,79,0.0,10.3
2025-09-16 20:00:00,28.0,79,0.0,11.0
2025-09-16 21:00:00,27.3,83,0.0,9.3
2025-09-16 22:00:00,26.9,86,0.0,7.7
2025-09-16 23:00:00,26.7,87,0.0,7.5
2025-09-17 00:00:00,26.4,89,0.0,5.2
2025-09-17 01:00:00,26.0,92,0.0,2.2
2025-09-17 02:00:00,25.9,93,0.0,0.2
2025-09-17 03:00:00,25.3,96,0.0,2.0
2025-09-17 04:00:00,24.8,97,1.3,5.3
2025-09-17 05:00:00,24.5,97,0.6,7.5
2025-09-17 06:00:00,24.5,98,0.6,8.4
2025-09-17 07:00:00,25.1,94,0.0,6.9
2025-09-17 08:00:00,28.5,80,0.0,5.0
2025-09-17 09:00:00,29.5,74,0.1,4.4
2025-09-17 10:00:00,30.1,72,0.1,4.5
2025-09-17 11:00:00,31.0,69,0.1,5.4
2025-09-17 12:00:00,31.3,68,0.1,6.4
2025-09-17 13:00:00,31.8,66,0.1,6.4
2025-09-17 14:00:00,25.6,93,6.0,15.6
2025-09-17 15:00:00,26.1,89,0.3,6.8
2025-09-17 16:00:00,26.9,87,0.1,6.0
2025-09-17 17:00:00,27.0,85,0.1,9.6
2025-09-17 18:00:00,26.3,91,0.0,3.3
2025-09-17 19:00:00,26.3,91,0.0,1.3
2025-09-17 20:00:00,26.6,90,0.0,2.2
2025-09-17 21:00:00,26.7,90,0.0,0.4
2025-09-17 22:00:00,25.9,93,0.1,6.5
2025-09-17 23:00:00,25.3,94,0.1,3.7
2025-09-18 00:00:00,24.9,97,0.0,2.7
2025-09-18 01:00:00,24.7,99,0.0,4.8
2025-09-18 02:00:00,24.2,96,1.3,5.3
2025-09-18 03:00:00,24.1,99,5.9,1.0
2025-09-18 04:00:00,23.7,100,1.1,6.8
2025-09-18 05:00:00,23.9,98,1.2,6.4
2025-09-18 06:00:00,23.7,99,0.7,6.1
2025-09-18 07:00:00,23.8,98,4.2,6.7
2025-09-18 08:00:00,25.7,92,0.2,4.3
2025-09-18 09:00:00,27.7,84,0.0,5.5
2025-09-18 10:00:00,29.0,78,0.1,4.3
2025-09-18 11:00:00,30.2,71,0.1,4.3
2025-09-18 12:00:00,29.8,72,0.2,4.8
2025-09-18 13:00:00,29.7,73,0.7,11.1
2025-09-18 14:00:00,27.8,82,0.5,8.7
2025-09-18 15:00:00,28.5,79,0.0,5.9
2025-09-18 16:00:00,28.5,80,0.1,6.3
2025-09-18 17:00:00,28.3,81,0.0,2.8
2025-09-18 18:00:00,27.2,89,0.0,2.8
2025-09-18 19:00:00,26.7,92,0.0,4.0
2025-09-18 20:00:00,26.8,90,0.0,0.6
2025-09-18 21:00:00,26.7,90,0.0,1.0
2025-09-18 22:00:00,26.2,94,0.0,3.1
2025-09-18 23:00:00,25.9,95,0.0,3.6
2025-09-19 00:00:00,25.8,96,0.0,5.3
2025-09-19 01:00:00,25.6,96,0.0,5.6
2025-09-19 02:00:00,25.0,98,0.0,0.6
2025-09-19 03:00:00,24.6,98,2.8,2.4
2025-09-19 04:00:00,23.9,99,4.3,9.1
2025-09-19 05:00:00,24.1,98,2.7,3.9
2025-09-19 06:00:00,24.1,98,0.0,4.3
2025-09-19 07:00:00,25.0,96,0.0,4.5
2025-09-19 08:00:00,27.5,87,0.0,6.5
2025-09-19 09:00:00,28.7,79,0.2,4.2
2025-09-19 10:00:00,29.7,73,0.3,2.9
2025-09-19 11:00:00,30.5,69,0.1,0.9
2025-09-19 12:00:00,31.3,65,0.0,2.6
2025-09-19 13:00:00,31.8,63,0.0,4.1
2025-09-19 14:00:00,31.9,62,0.0,6.4
2025-09-19 15:00:00,31.4,65,0.1,8.6
2025-09-19 16:00:00,30.0,72,0.1,10.9
2025-09-19 17:00:00,28.4,81,0.2,8.2
2025-09-19 18:00:00,27.5,88,0.0,3.2
2025-09-19 19:00:00,27.4,88,0.0,3.6
2025-09-19 20:00:00,27.0,90,0.0,3.7
2025-09-19 21:00:00,26.8,91,0.0,4.1
2025-09-19 22:00:00,26.5,93,0.0,4.3
2025-09-19 23:00:00,26.4,93,0.0,4.2
2025-09-20 00:00:00,26.4,92,0.0,2.2
2025-09-20 01:00:00,26.0,93,0.0,3.8
2025-09-20 02:00:00,25.9,93,0.0,4.0
2025-09-20 03:00:00,25.9,93,0.0,1.8
2025-09-20 04:00:00,25.8,94,0.0,0.4
2025-09-20 05:00:00,25.2,97,0.0,2.3
2025-09-20 06:00:00,25.1,98,0.0,3.5
2025-09-20 07:00:00,26.6,93,0.0,4.2
2025-09-20 08:00:00,29.1,84,0.0,4.0
2025-09-20 09:00:00,30.5,72,0.0,2.2
2025-09-20 10:00:00,31.7,64,0.0,1.3
2025-09-20 11:00:00,32.5,59,0.0,2.4
2025-09-20 12:00:00,33.0,56,0.0,3.1
2025-09-20 13:00:00,33.4,56,0.0,3.5
2025-09-20 14:00:00,33.5,56,0.0,3.2
2025-09-20 15:00:00,33.3,57,0.0,4.8
2025-09-20 16:00:00,32.9,59,0.0,5.4
2025-09-20 17:00:00,32.0,66,0.0,6.0
2025-09-20 18:00:00,30.2,73,0.0,5.2
2025-09-20 19:00:00,29.5,77,0.0,5.9
2025-09-20 20:00:00,29.9,74,0.0,9.0
2025-09-20 21:00:00,29.5,76,0.0,11.7
2025-09-20 22:00:00,28.9,79,0.0,10.3
2025-09-20 23:00:00,28.4,81,0.0,10.2
2025-09-21 00:00:00,28.1,83,0.0,8.7
2025-09-21 01:00:00,27.4,86,0.0,5.4
2025-09-21 02:00:00,27.0,89,0.0,5.1
2025-09-21 03:00:00,26.5,93,0.0,4.0
2025-09-21 04:00:00,26.3,94,0.0,7.5
2025-09-21 05:00:00,26.2,95,0.0,8.0
2025-09-21 06:00:00,26.3,94,0.0,8.8
2025-09-21 07:00:00,27.0,88,0.0,10.0
2025-09-21 08:00:00,30.0,80,0.0,7.4
2025-09-21 09:00:00,31.2,73,0.0,9.6
2025-09-21 10:00:00,31.9,70,0.1,9.3
2025-09-21 11:00:00,32.5,67,0.1,8.1
2025-09-21 12:00:00,32.9,64,0.1,7.6
2025-09-21 13:00:00,33.0,64,0.0,10.5
2025-09-21 14:00:00,31.0,71,0.6,10.2
2025-09-21 15:00:00,30.5,75,0.1,6.9
2025-09-21 16:00:00,30.7,74,0.0,6.8
2025-09-21 17:00:00,28.6,81,2.9,8.1
2025-09-21 18:00:00,26.9,89,0.1,11.2
2025-09-21 19:00:00,26.4,92,0.0,5.4
2025-09-21 20:00:00,28.0,84,0.0,8.0
2025-09-21 21:00:00,27.5,87,0.0,7.4
2025-09-21 22:00:00,27.1,90,0.0,4.8
2025-09-21 23:00:00,27.0,90,0.0,6.0
2025-09-22 00:00:00,25.7,91,2.1,8.8
2025-09-22 01:00:00,25.5,93,1.1,5.7
2025-09-22 02:00:00,24.9,97,1.2,5.8
2025-09-22 03:00:00,24.5,98,1.7,7.1
2025-09-22 04:00:00,24.3,98,0.4,7.4
2025-09-22 05:00:00,24.5,96,0.2,6.6
2025-09-22 06:00:00,24.5,97,0.3,5.8
2025-09-22 07:00:00,25.0,94,0.2,8.9
2025-09-22 08:00:00,27.0,84,0.0,10.7
2025-09-22 09:00:00,27.6,81,0.0,9.3
2025-09-22 10:00:00,27.8,79,0.0,8.7
2025-09-22 11:00:00,28.3,76,0.1,9.4
2025-09-22 12:00:00,28.9,74,0.0,9.7
2025-09-22 13:00:00,29.9,70,0.1,7.0
2025-09-22 14:00:00,30.0,71,0.1,4.7
2025-09-22 15:00:00,30.1,71,0.0,6.1
2025-09-22 16:00:00,27.5,85,1.8,8.1
2025-09-22 17:00:00,27.6,85,0.0,1.8
2025-09-22 18:00:00,27.0,90,0.0,1.4
2025-09-22 19:00:00,26.6,92,0.0,3.1
2025-09-22 20:00:00,27.1,87,0.2,3.5
2025-09-22 21:00:00,26.4,90,0.1,2.9
2025-09-22 22:00:00,25.6,94,3.5,2.1
2025-09-22 23:00:00,25.2,95,1.3,4.7
2025-09-23 00:00:00,25.2,95,0.1,6.6
2025-09-23 01:00:00,24.9,98,0.1,6.6
2025-09-23 02:00:00,24.8,98,0.1,7.6
2025-09-23 03:00:00,24.7,97,0.0,10.5
2025-09-23 04:00:00,24.4,97,0.0,10.9
2025-09-23 05:00:00,24.2,97,0.0,9.5
2025-09-23 06:00:00,24.2,97,0.0,8.9
2025-09-23 07:00:00,25.1,94,0.0,6.9
2025-09-23 08:00:00,27.5,81,0.0,8.2
2025-09-23 09:00:00,28.7,72,0.1,8.8
2025-09-23 10:00:00,29.7,68,0.0,8.4
2025-09-23 11:00:00,30.4,65,0.1,8.0
2025-09-23 12:00:00,31.0,62,0.1,8.9
2025-09-23 13:00:00,31.7,60,0.1,8.7
2025-09-23 14:00:00,31.8,60,0.0,9.0
2025-09-23 15:00:00,31.6,61,0.0,8.3
2025-09-23 16:00:00,31.3,61,0.0,8.0
2025-09-23 17:00:00,30.6,66,0.0,6.5
2025-09-23 18:00:00,28.9,73,0.1,6.4
2025-09-23 19:00:00,28.2,81,0.0,2.4
2025-09-23 20:00:00,27.6,83,0.0,4.4
2025-09-23 21:00:00,27.3,87,0.0,4.7
2025-09-23 22:00:00,27.0,89,0.0,5.0
2025-09-23 23:00:00,26.8,89,0.0,7.8
2025-09-24 00:00:00,26.6,89,0.0,12.3
2025-09-24 01:00:00,26.2,89,0.0,14.2
2025-09-24 02:00:00,25.7,90,0.0,14.2
2025-09-24 03:00:00,25.4,91,0.0,12.8
2025-09-24 04:00:00,25.1,92,0.0,10.4
2025-09-24 05:00:00,24.9,92,0.0,8.8
2025-09-24 06:00:00,24.8,91,0.0,10.1
2025-09-24 07:00:00,25.7,89,0.0,10.3
2025-09-24 08:00:00,28.5,81,0.0,9.8
2025-09-24 09:00:00,30.0,73,0.0,12.0
2025-09-24 10:00:00,31.0,59,0.1,17.5
2025-09-24 11:00:00,31.8,54,0.0,18.4
2025-09-24 12:00:00,32.6,51,0.0,21.7
2025-09-24 13:00:00,31.8,56,0.0,17.9
2025-09-24 14:00:00,32.9,52,0.1,19.0
2025-09-24 15:00:00,33.2,51,0.0,17.8
2025-09-24 16:00:00,32.8,55,0.0,12.2
2025-09-24 17:00:00,31.6,62,0.0,7.6
2025-09-24 18:00:00,30.0,66,0.0,6.8
2025-09-24 19:00:00,29.9,61,0.0,8.3
2025-09-24 20:00:00,28.6,66,0.0,7.7
2025-09-24 21:00:00,28.1,70,0.0,9.0
2025-09-24 22:00:00,28.0,72,0.0,8.6
2025-09-24 23:00:00,27.5,75,0.0,7.1
2025-09-25 00:00:00,26.8,80,0.0,7.0
2025-09-25 01:00:00,26.7,82,0.0,7.4
2025-09-25 02:00:00,26.2,83,0.0,8.4
2025-09-25 03:00:00,26.3,78,0.0,8.4
2025-09-25 04:00:00,26.4,74,0.0,8.8
2025-09-25 05:00:00,26.1,77,0.1,6.0
2025-09-25 06:00:00,25.0,84,1.3,12.2
2025-09-25 07:00:00,24.1,88,3.2,21.3
2025-09-25 08:00:00,25.3,88,2.7,12.9
2025-09-25 09:00:00,25.3,89,3.1,13.8
2025-09-25 10:00:00,25.2,89,3.0,13.1
2025-09-25 11:00:00,25.1,90,1.6,13.0
2025-09-25 12:00:00,26.3,83,1.1,16.0
2025-09-25 13:00:00,26.1,85,0.9,13.6
2025-09-25 14:00:00,27.3,79,0.1,15.9
2025-09-25 15:00:00,27.8,74,0.0,14.9
2025-09-25 16:00:00,27.3,72,0.1,10.9
2025-09-25 17:00:00,26.4,79,0.2,6.5
2025-09-25 18:00:00,25.9,82,0.0,6.7
2025-09-25 19:00:00,25.6,84,0.0,5.4
2025-09-25 20:00:00,25.0,86,0.0,9.3
2025-09-25 21:00:00,25.0,88,0.0,8.6
2025-09-25 22:00:00,24.9,90,0.0,7.9
2025-09-25 23:00:00,24.8,90,0.0,6.5
2025-09-26 00:00:00,24.6,90,0.0,6.3
2025-09-26 01:00:00,24.1,92,0.0,6.5
2025-09-26 02:00:00,24.0,91,0.0,8.4
2025-09-26 03:00:00,23.9,91,0.0,9.2
2025-09-26 04:00:00,23.9,91,0.0,7.2
2025-09-26 05:00:00,23.7,92,0.0,5.8
2025-09-26 06:00:00,23.8,93,0.0,6.2
2025-09-26 07:00:00,24.4,91,0.0,5.9
2025-09-26 08:00:00,25.4,87,0.0,7.4
2025-09-26 09:00:00,26.1,83,0.0,7.8
2025-09-26 10:00:00,26.8,81,0.1,6.5
2025-09-26 11:00:00,27.9,79,0.0,6.2
2025-09-26 12:00:00,29.1,75,0.0,4.8
2025-09-26 13:00:00,27.9,80,5.2,7.7
2025-09-26 14:00:00,26.8,84,9.0,1.3
2025-09-26 15:00:00,26.6,85,1.2,4.2
2025-09-26 16:00:00,26.5,88,0.3,6.0
2025-09-26 17:00:00,26.4,90,0.2,9.1
2025-09-26 18:00:00,25.6,93,0.1,4.8
2025-09-26 19:00:00,25.2,96,0.0,2.8
2025-09-26 20:00:00,24.9,96,0.0,4.0
2025-09-26 21:00:00,25.2,96,1.0,5.6
2025-09-26 22:00:00,25.1,96,1.3,4.2
2025-09-26 23:00:00,24.4,98,1.7,7.5
2025-09-27 00:00:00,24.0,98,0.9,5.9
2025-09-27 01:00:00,23.7,98,0.1,9.6
2025-09-27 02:00:00,23.9,96,0.0,7.0
2025-09-27 03:00:00,23.9,96,0.0,10.7
2025-09-27 04:00:00,23.9,96,0.0,11.1
2025-09-27 05:00:00,23.9,95,0.1,11.9
2025-09-27 06:00:00,24.0,95,0.3,10.0
2025-09-27 07:00:00,24.3,94,2.8,10.6
2025-09-27 08:00:00,27.3,86,0.0,9.9
2025-09-27 09:00:00,28.8,79,0.1,10.8
2025-09-27 10:00:00,30.2,71,0.1,10.6
2025-09-27 11:00:00,30.4,69,0.1,10.1
2025-09-27 12:00:00,31.2,69,0.1,5.0
2025-09-27 13:00:00,31.4,69,0.2,6.5
2025-09-27 14:00:00,31.1,69,0.1,8.4
2025-09-27 15:00:00,29.6,76,5.1,6.9
2025-09-27 16:00:00,28.4,80,2.3,4.4
2025-09-27 17:00:00,28.1,82,0.0,4.5
2025-09-27 18:00:00,26.9,91,0.0,9.6
2025-09-27 19:00:00,26.3,91,0.0,11.2
2025-09-27 20:00:00,27.3,84,0.0,7.9
2025-09-27 21:00:00,26.7,87,0.0,12.9
2025-09-27 22:00:00,26.2,91,0.0,10.1
2025-09-27 23:00:00,26.0,92,0.0,6.7
2025-09-28 00:00:00,26.1,91,0.0,10.0
2025-09-28 01:00:00,25.7,92,0.1,5.4
2025-09-28 02:00:00,25.5,92,0.1,4.0
2025-09-28 03:00:00,25.4,93,1.8,7.0
2025-09-28 04:00:00,24.7,95,0.1,11.5
2025-09-28 05:00:00,24.6,95,0.0,12.9
2025-09-28 06:00:00,24.5,95,0.0,12.8
2025-09-28 07:00:00,25.0,94,0.6,7.7
2025-09-28 08:00:00,25.3,93,2.6,9.9
2025-09-28 09:00:00,28.1,85,0.0,9.9
2025-09-28 10:00:00,30.0,74,0.2,14.0
2025-09-28 11:00:00,29.3,77,3.5,12.0
2025-09-28 12:00:00,29.8,73,1.0,18.6
2025-09-28 13:00:00,26.7,91,15.1,15.1
2025-09-28 14:00:00,27.0,85,0.6,16.3
2025-09-28 15:00:00,27.9,85,0.4,14.4
2025-09-28 16:00:00,27.9,83,0.3,16.7
2025-09-28 17:00:00,28.0,78,0.0,16.6
2025-09-28 18:00:00,27.1,78,0.1,17.6
2025-09-28 19:00:00,26.3,82,0.4,15.5
2025-09-28 20:00:00,24.5,92,2.6,18.6
2025-09-28 21:00:00,24.5,92,1.5,16.4
2025-09-28 22:00:00,24.5,92,1.6,15.3
2025-09-28 23:00:00,24.5,93,3.5,20.1
2025-09-29 00:00:00,24.5,94,1.5,18.0
2025-09-29 01:00:00,24.4,94,3.9,19.0
2025-09-29 02:00:00,24.5,92,2.0,20.6
2025-09-29 03:00:00,24.4,92,2.4,19.7
2025-09-29 04:00:00,24.3,93,3.9,19.2
2025-09-29 05:00:00,24.2,93,4.7,20.8
2025-09-29 06:00:00,24.3,92,6.3,26.2
2025-09-29 07:00:00,24.1,93,5.1,25.5
2025-09-29 08:00:00,24.7,93,2.8,23.2
2025-09-29 09:00:00,24.1,94,2.5,32.1
2025-09-29 10:00:00,24.6,93,2.4,29.9
2025-09-29 11:00:00,25.1,94,2.6,34.4
2025-09-29 12:00:00,25.3,93,4.6,33.4
2025-09-29 13:00:00,25.1,94,4.1,31.5
2025-09-29 14:00:00,25.1,95,4.5,27.9
2025-09-29 15:00:00,24.4,95,2.7,24.2
2025-09-29 16:00:00,24.4,96,2.6,23.3
2025-09-29 17:00:00,24.3,97,2.7,21.7
2025-09-29 18:00:00,24.6,96,2.5,20.7
2025-09-29 19:00:00,24.2,96,1.8,23.0
2025-09-29 20:00:00,25.0,95,0.9,21.7
2025-09-29 21:00:00,25.0,96,1.5,18.9
2025-09-29 22:00:00,24.6,97,3.3,15.5
2025-09-29 23:00:00,24.7,96,2.6,19.5
2025-09-30 00:00:00,24.1,96,4.7,17.1
2025-09-30 01:00:00,23.8,98,3.0,12.2
2025-09-30 02:00:00,23.9,97,4.4,13.5
2025-09-30 03:00:00,23.8,97,4.7,12.9
2025-09-30 04:00:00,23.6,98,1.7,9.0
2025-09-30 05:00:00,23.7,98,1.4,10.0
2025-09-30 06:00:00,23.8,98,1.8,14.1
2025-09-30 07:00:00,23.9,96,6.1,17.2
2025-09-30 08:00:00,24.7,96,0.8,14.6
2025-09-30 09:00:00,25.5,93,0.7,15.0
2025-09-30 10:00:00,26.9,86,0.3,17.0
2025-09-30 11:00:00,25.7,93,2.2,17.0
2025-09-30 12:00:00,26.3,90,5.3,10.9
2025-09-30 13:00:00,26.4,92,0.6,13.7
2025-09-30 14:00:00,27.0,89,0.8,15.8
2025-09-30 15:00:00,27.3,88,0.2,16.5
2025-09-30 16:00:00,27.2,83,1.0,17.9
2025-09-30 17:00:00,26.1,91,1.6,13.0
2025-09-30 18:00:00,25.7,93,0.4,10.7
2025-09-30 19:00:00,25.6,94,0.1,9.1
2025-09-30 20:00:00,25.0,96,0.2,3.7
2025-09-30 21:00:00,25.0,95,0.9,7.0
2025-09-30 22:00:00,24.5,98,1.6,6.9
2025-09-30 23:00:00,24.2,98,1.3,10.3
2025-10-01 00:00:00,24.1,97,0.1,6.2
2025-10-01 01:00:00,23.9,98,0.2,6.0
2025-10-01 02:00:00,23.7,98,0.2,5.4
2025-10-01 03:00:00,23.9,97,0.2,6.7
2025-10-01 04:00:00,23.8,98,0.1,4.3
2025-10-01 05:00:00,23.8,98,0.0,5.6
2025-10-01 06:00:00,23.9,98,0.0,5.9
2025-10-01 07:00:00,24.6,96,0.1,6.7
2025-10-01 08:00:00,26.1,91,0.0,3.9
2025-10-01 09:00:00,27.5,86,0.1,6.4
2025-10-01 10:00:00,28.6,82,0.2,9.4
2025-10-01 11:00:00,29.7,76,0.2,10.6
2025-10-01 12:00:00,29.8,75,0.1,12.5
2025-10-01 13:00:00,27.5,83,0.7,8.3
2025-10-01 14:00:00,28.0,83,0.1,5.5
2025-10-01 15:00:00,28.3,81,0.0,5.2
2025-10-01 16:00:00,28.8,78,0.0,7.7
2025-10-01 17:00:00,28.4,81,0.0,4.5
2025-10-01 18:00:00,27.1,87,0.0,3.3
2025-10-01 19:00:00,26.7,91,0.0,4.7
2025-10-01 20:00:00,26.6,90,0.0,4.2
2025-10-01 21:00:00,26.5,91,0.0,5.4
2025-10-01 22:00:00,26.2,93,0.0,6.5
2025-10-01 23:00:00,25.8,94,0.0,5.6
2025-10-02 00:00:00,25.4,95,0.0,5.1
2025-10-02 01:00:00,25.5,97,0.0,4.9
2025-10-02 02:00:00,25.0,98,0.0,4.1
2025-10-02 03:00:00,24.7,99,0.0,3.2
2025-10-02 04:00:00,24.6,99,0.0,4.0
2025-10-02 05:00:00,24.4,99,0.0,4.3
2025-10-02 06:00:00,24.5,99,0.0,4.7
2025-10-02 07:00:00,25.6,96,0.0,7.1
2025-10-02 08:00:00,27.6,88,0.0,7.8
2025-10-02 09:00:00,29.1,75,0.0,10.0
2025-10-02 10:00:00,29.9,68,0.0,10.2
2025-10-02 11:00:00,30.9,64,0.0,9.0
2025-10-02 12:00:00,31.5,62,0.0,9.0
2025-10-02 13:00:00,31.6,60,0.0,7.4
2025-10-02 14:00:00,32.0,58,0.0,7.6
2025-10-02 15:00:00,31.7,60,0.1,9.7
2025-10-02 16:00:00,30.8,65,0.0,9.8
2025-10-02 17:00:00,30.0,71,0.0,7.3
2025-10-02 18:00:00,28.6,75,0.0,8.5
2025-10-02 19:00:00,28.2,77,0.0,10.1
2025-10-02 20:00:00,27.7,80,0.0,9.9
2025-10-02 21:00:00,27.1,82,0.0,10.5
2025-10-02 22:00:00,26.5,84,0.0,9.2
2025-10-02 23:00:00,25.7,87,0.0,7.7
2025-10-03 00:00:00,25.3,90,0.0,7.8
2025-10-03 01:00:00,25.2,93,0.0,7.4
2025-10-03 02:00:00,24.9,94,0.0,6.0
2025-10-03 03:00:00,24.6,96,0.0,5.9
2025-10-03 04:00:00,24.5,96,0.0,6.4
2025-10-03 05:00:00,24.3,97,0.0,5.9
2025-10-03 06:00:00,24.2,97,0.0,6.3
2025-10-03 07:00:00,25.4,95,0.0,7.7
2025-10-03 08:00:00,27.5,87,0.0,7.5
2025-10-03 09:00:00,29.0,77,0.0,10.0
2025-10-03 10:00:00,30.0,69,0.0,8.8
2025-10-03 11:00:00,30.9,63,0.0,9.6
2025-10-03 12:00:00,31.5,59,0.0,10.0
2025-10-03 13:00:00,31.7,59,0.0,10.5
2025-10-03 14:00:00,31.8,59,0.0,10.3
2025-10-03 15:00:00,31.9,58,0.0,10.8
2025-10-03 16:00:00,31.3,62,0.0,10.9
2025-10-03 17:00:00,30.1,68,0.0,9.2
2025-10-03 18:00:00,28.6,74,0.0,12.4
2025-10-03 19:00:00,27.9,80,0.0,12.9
2025-10-03 20:00:00,27.5,82,0.0,10.6
2025-10-03 21:00:00,26.8,86,0.0,9.3
2025-10-03 22:00:00,26.1,91,0.0,8.0
2025-10-03 23:00:00,25.6,94,0.0,6.5
2025-10-04 00:00:00,25.3,96,0.0,5.0
2025-10-04 01:00:00,25.9,98,0.0,7.2
2025-10-04 02:00:00,25.7,98,0.0,5.7
2025-10-04 03:00:00,25.4,98,0.0,4.2
2025-10-04 04:00:00,25.3,98,0.0,4.1
2025-10-04 05:00:00,25.2,99,0.0,4.8
2025-10-04 06:00:00,25.2,99,0.0,4.7
2025-10-04 07:00:00,25.5,95,0.1,4.6
2025-10-04 08:00:00,27.2,89,0.0,4.7
2025-10-04 09:00:00,28.8,82,0.0,4.6
2025-10-04 10:00:00,29.9,78,0.0,4.7
2025-10-04 11:00:00,30.6,74,0.0,6.4
2025-10-04 12:00:00,31.0,70,0.0,7.3
2025-10-04 13:00:00,31.4,65,0.0,8.1
2025-10-04 14:00:00,30.7,68,0.0,8.9
2025-10-04 15:00:00,30.6,70,0.0,7.9
2025-10-04 16:00:00,30.4,71,0.0,7.5
2025-10-04 17:00:00,29.7,76,0.0,5.0
2025-10-04 18:00:00,28.0,84,0.0,4.5
2025-10-04 19:00:00,27.8,86,0.0,6.8
2025-10-04 20:00:00,27.3,88,0.0,6.0
2025-10-04 21:00:00,26.8,91,0.0,5.6
2025-10-04 22:00:00,26.3,93,0.0,5.0
2025-10-04 23:00:00,25.8,95,0.0,4.0
2025-10-05 00:00:00,25.5,96,0.0,4.0
2025-10-05 01:00:00,25.4,96,0.0,3.9
2025-10-05 02:00:00,25.3,97,0.0,2.7
2025-10-05 03:00:00,24.9,98,0.0,3.1
2025-10-05 04:00:00,24.9,99,0.0,4.1
2025-10-05 05:00:00,24.8,99,0.0,5.3
2025-10-05 06:00:00,24.6,99,0.0,5.2
2025-10-05 07:00:00,26.4,95,0.0,6.5
2025-10-05 08:00:00,28.1,88,0.0,5.9
2025-10-05 09:00:00,29.8,79,0.0,9.7
2025-10-05 10:00:00,31.0,74,0.0,8.1
2025-10-05 11:00:00,31.7,71,0.0,8.8
2025-10-05 12:00:00,32.4,66,0.0,9.8
2025-10-05 13:00:00,32.9,61,0.0,9.4
2025-10-05 14:00:00,32.5,60,0.1,10.6
2025-10-05 15:00:00,30.9,69,0.0,11.2
2025-10-05 16:00:00,30.6,74,0.0,9.1
2025-10-05 17:00:00,30.2,78,0.0,6.7
2025-10-05 18:00:00,29.3,81,0.0,9.0
2025-10-05 19:00:00,28.3,86,0.0,11.0
2025-10-05 20:00:00,28.9,83,0.0,12.4
2025-10-05 21:00:00,28.8,84,0.0,12.0
2025-10-05 22:00:00,27.7,87,1.9,10.0
2025-10-05 23:00:00,27.8,86,1.1,9.8
2025-10-06 00:00:00,26.8,88,4.0,4.8
2025-10-06 01:00:00,28.6,77,1.2,12.1
2025-10-06 02:00:00,29.0,72,0.0,10.9
2025-10-06 03:00:00,26.0,83,2.8,8.6
2025-10-06 04:00:00,26.3,87,0.5,10.8
2025-10-06 05:00:00,26.7,85,0.0,25.0
2025-10-06 06:00:00,26.1,83,0.0,17.2
2025-10-06 07:00:00,26.1,91,1.6,14.7
2025-10-06 08:00:00,25.6,92,5.4,14.1
2025-10-06 09:00:00,25.6,92,3.2,15.7
2025-10-06 10:00:00,25.4,92,3.2,15.9
2025-10-06 11:00:00,25.5,93,2.0,15.2
2025-10-06 12:00:00,26.0,91,1.9,13.9
2025-10-06 13:00:00,25.3,91,0.9,13.7
2025-10-06 14:00:00,25.3,90,2.3,12.3
2025-10-06 15:00:00,25.6,91,1.3,9.6
2025-10-06 16:00:00,25.4,92,0.9,8.7
2025-10-06 17:00:00,24.7,93,0.7,11.8
2025-10-06 18:00:00,24.4,95,0.5,16.1
2025-10-06 19:00:00,24.0,95,0.4,11.8
2025-10-06 20:00:00,23.7,96,1.1,15.1
2025-10-06 21:00:00,23.8,96,1.5,13.3
2025-10-06 22:00:00,24.0,96,3.6,11.1
2025-10-06 23:00:00,23.9,98,14.3,5.0
2025-10-07 00:00:00,23.7,98,10.3,5.6
2025-10-07 01:00:00,24.0,97,15.2,14.5
2025-10-07 02:00:00,23.9,98,9.3,13.7
2025-10-07 03:00:00,23.6,99,16.8,13.4
2025-10-07 04:00:00,23.7,97,12.3,11.8
2025-10-07 05:00:00,23.6,98,7.2,6.8
2025-10-07 06:00:00,23.6,98,10.5,8.4
2025-10-07 07:00:00,23.5,97,7.2,8.4
2025-10-07 08:00:00,23.2,99,7.3,4.4
2025-10-07 09:00:00,23.3,99,3.9,2.4
2025-10-07 10:00:00,23.2,99,10.2,4.5
2025-10-07 11:00:00,23.4,99,5.0,5.2
2025-10-07 12:00:00,24.9,94,1.2,10.2
2025-10-07 13:00:00,25.7,93,0.9,14.9
2025-10-07 14:00:00,26.5,89,0.8,14.5
2025-10-07 15:00:00,26.7,90,1.0,11.4
2025-10-07 16:00:00,25.8,92,2.0,13.1
2025-10-07 17:00:00,25.4,95,0.9,5.5
2025-10-07 18:00:00,25.3,96,0.2,6.0
2025-10-07 19:00:00,25.1,96,0.1,1.3
2025-10-07 20:00:00,24.6,96,0.8,3.2
2025-10-07 21:00:00,24.0,98,2.1,1.9
2025-10-07 22:00:00,23.1,100,4.6,7.2
2025-10-07 23:00:00,23.1,98,3.2,6.9
2025-10-08 00:00:00,23.1,97,1.7,5.8
2025-10-08 01:00:00,23.6,99,0.9,5.8
2025-10-08 02:00:00,23.7,98,0.2,5.4
2025-10-08 03:00:00,23.4,99,0.0,2.7
2025-10-08 04:00:00,23.3,99,0.2,4.8
2025-10-08 05:00:00,23.2,98,0.8,9.7
2025-10-08 06:00:00,23.1,97,0.1,8.9
2025-10-08 07:00:00,24.3,96,0.0,6.7
2025-10-08 08:00:00,25.7,87,0.0,6.0
2025-10-08 09:00:00,27.3,80,0.0,3.3
2025-10-08 10:00:00,28.2,77,0.0,2.7
2025-10-08 11:00:00,28.9,74,0.0,2.3
2025-10-08 12:00:00,29.1,73,0.0,0.6
2025-10-08 13:00:00,29.1,73,0.2,2.1
2025-10-08 14:00:00,29.5,70,0.0,3.2
2025-10-08 15:00:00,29.6,70,0.0,3.0
2025-10-08 16:00:00,29.4,70,0.0,2.7
2025-10-08 17:00:00,28.5,78,0.0,2.7
2025-10-08 18:00:00,27.0,83,0.0,3.9
2025-10-08 19:00:00,26.7,81,0.0,2.9
2025-10-08 20:00:00,26.5,83,0.0,2.3
2025-10-08 21:00:00,26.1,84,0.0,2.4
2025-10-08 22:00:00,25.6,86,0.0,1.9
2025-10-08 23:00:00,25.1,89,0.0,1.5
2025-10-09 00:00:00,24.5,93,0.0,1.1
2025-10-09 01:00:00,24.5,98,0.0,0.2
2025-10-09 02:00:00,24.1,100,0.0,0.6
2025-10-09 03:00:00,23.8,100,0.0,2.7
2025-10-09 04:00:00,23.5,100,0.0,3.3
2025-10-09 05:00:00,23.4,100,0.0,3.6
2025-10-09 06:00:00,23.5,100,0.0,4.2
2025-10-09 07:00:00,24.4,99,0.0,4.0
2025-10-09 08:00:00,26.4,89,0.0,2.6
2025-10-09 09:00:00,28.2,80,0.0,2.5
2025-10-09 10:00:00,29.1,73,0.2,3.3
2025-10-09 11:00:00,29.9,68,0.1,1.5
2025-10-09 12:00:00,30.5,65,0.0,2.5
2025-10-09 13:00:00,30.7,62,0.0,3.9
2025-10-09 14:00:00,30.9,61,0.0,5.0
2025-10-09 15:00:00,30.8,61,0.0,6.8
2025-10-09 16:00:00,30.4,62,0.0,8.8
2025-10-09 17:00:00,29.1,71,0.0,7.6
2025-10-09 18:00:00,27.7,77,0.0,7.9
2025-10-09 19:00:00,27.3,83,0.0,6.0
2025-10-09 20:00:00,26.9,85,0.0,6.4
2025-10-09 21:00:00,26.5,86,0.0,6.2
2025-10-09 22:00:00,25.8,90,0.0,5.5
2025-10-09 23:00:00,25.1,93,0.0,4.4
2025-10-10 00:00:00,24.8,95,0.0,4.1
2025-10-10 01:00:00,25.0,97,0.0,2.6
2025-10-10 02:00:00,25.0,98,0.0,1.4
2025-10-10 03:00:00,24.8,99,0.0,1.2
2025-10-10 04:00:00,24.3,99,0.3,1.1
2025-10-10 05:00:00,24.0,100,0.2,1.3
2025-10-10 06:00:00,24.1,99,0.0,3.8
2025-10-10 07:00:00,25.1,95,0.0,4.4
2025-10-10 08:00:00,26.6,90,0.1,4.1
2025-10-10 09:00:00,27.9,84,0.0,3.3
2025-10-10 10:00:00,29.0,77,0.1,3.5
2025-10-10 11:00:00,29.8,70,0.1,3.9
2025-10-10 12:00:00,30.5,66,0.0,1.6
2025-10-10 13:00:00,30.8,64,0.0,1.9
2025-10-10 14:00:00,31.3,60,0.0,2.3
2025-10-10 15:00:00,31.3,60,0.0,2.7
2025-10-10 16:00:00,31.0,61,0.0,5.2
2025-10-10 17:00:00,29.7,71,0.0,4.9
2025-10-10 18:00:00,28.0,77,0.0,6.2
2025-10-10 19:00:00,27.6,80,0.0,5.0
2025-10-10 20:00:00,27.5,79,0.0,7.1
2025-10-10 21:00:00,27.1,81,0.0,9.9
2025-10-10 22:00:00,26.6,85,0.0,9.8
2025-10-10 23:00:00,26.2,88,0.0,7.7
2025-10-11 00:00:00,25.6,92,0.0,4.8
2025-10-11 01:00:00,25.5,95,0.0,3.6
2025-10-11 02:00:00,25.3,95,0.0,1.9
2025-10-11 03:00:00,25.3,96,0.2,4.2
2025-10-11 04:00:00,25.0,97,0.1,2.3
2025-10-11 05:00:00,24.8,90,0.6,8.1
2025-10-11 06:00:00,24.1,95,0.3,8.3
2025-10-11 07:00:00,25.0,94,0.2,4.4
2025-10-11 08:00:00,26.2,87,0.0,4.7
2025-10-11 09:00:00,27.3,83,0.0,2.5
2025-10-11 10:00:00,28.2,80,0.1,1.6
2025-10-11 11:00:00,29.4,73,0.1,3.3
2025-10-11 12:00:00,29.5,70,0.0,2.8
2025-10-11 13:00:00,25.5,89,0.0,0.6
2025-10-11 14:00:00,26.7,86,0.0,4.5
2025-10-11 15:00:00,27.5,83,0.0,3.4
2025-10-11 16:00:00,27.6,82,0.0,5.1
2025-10-11 17:00:00,27.3,83,0.0,3.2
2025-10-11 18:00:00,26.4,89,0.0,3.7
2025-10-11 19:00:00,26.0,92,0.0,4.2
2025-10-11 20:00:00,25.8,94,0.0,2.7
2025-10-11 21:00:00,25.9,93,0.0,3.8
2025-10-11 22:00:00,25.8,94,0.0,3.1
2025-10-11 23:00:00,25.6,94,0.0,2.3
2025-10-12 00:00:00,25.4,94,0.0,1.1
2025-10-12 01:00:00,25.7,96,0.0,1.2
2025-10-12 02:00:00,25.3,98,0.0,1.1
2025-10-12 03:00:00,24.8,99,0.0,2.4
2025-10-12 04:00:00,24.5,100,0.0,3.3
2025-10-12 05:00:00,24.3,100,0.0,3.6
2025-10-12 06:00:00,24.4,100,0.0,4.0
2025-10-12 07:00:00,25.5,96,0.0,5.0
2025-10-12 08:00:00,27.3,88,0.0,3.8
2025-10-12 09:00:00,28.8,75,0.1,3.5
2025-10-12 10:00:00,29.8,69,0.0,3.1
2025-10-12 11:00:00,30.4,65,0.0,5.1
2025-10-12 12:00:00,30.5,64,0.1,6.6
2025-10-12 13:00:00,30.6,63,0.2,6.4
2025-10-12 14:00:00,30.8,63,0.0,4.8
2025-10-12 15:00:00,30.8,64,0.0,4.3
2025-10-12 16:00:00,30.5,66,0.0,6.9
2025-10-12 17:00:00,29.5,74,0.0,5.2
2025-10-12 18:00:00,28.3,79,0.0,6.9
2025-10-12 19:00:00,27.6,86,0.0,9.1
2025-10-12 20:00:00,27.4,85,0.0,5.9
2025-10-12 21:00:00,26.9,87,0.0,5.3
2025-10-12 22:00:00,26.5,89,0.0,4.6
2025-10-12 23:00:00,26.1,92,0.0,3.6
2025-10-13 00:00:00,25.9,93,0.0,3.8
2025-10-13 01:00:00,25.6,94,0.0,2.0
2025-10-13 02:00:00,25.2,98,0.0,4.0
2025-10-13 03:00:00,25.2,95,0.1,8.1
2025-10-13 04:00:00,24.8,96,0.0,6.3
2025-10-13 05:00:00,24.5,98,0.1,4.3
2025-10-13 06:00:00,24.6,98,0.1,3.2
2025-10-13 07:00:00,26.3,93,0.1,7.1
2025-10-13 08:00:00,26.9,83,0.9,9.7
2025-10-13 09:00:00,27.9,84,0.8,5.0
2025-10-13 10:00:00,29.9,74,0.1,6.7
2025-10-13 11:00:00,30.1,70,0.1,6.3
2025-10-13 12:00:00,26.6,86,4.8,6.8
2025-10-13 13:00:00,26.8,83,1.7,7.0
2025-10-13 14:00:00,27.3,83,0.1,4.8
2025-10-13 15:00:00,27.7,82,0.3,9.6
2025-10-13 16:00:00,27.3,83,0.1,8.8
2025-10-13 17:00:00,27.0,85,0.0,7.2
2025-10-13 18:00:00,26.3,90,0.0,4.3
2025-10-13 19:00:00,25.6,96,0.0,5.9
2025-10-13 20:00:00,25.4,96,0.0,2.0
2025-10-13 21:00:00,25.6,95,0.1,1.9
2025-10-13 22:00:00,25.5,94,0.2,0.6
2025-10-13 23:00:00,25.1,95,1.3,2.7
2025-10-14 00:00:00,24.5,95,3.0,0.3
2025-10-14 01:00:00,24.4,98,4.3,4.3
2025-10-14 02:00:00,23.9,99,2.4,6.4
2025-10-14 03:00:00,23.7,98,1.5,3.9
2025-10-14 04:00:00,23.8,99,0.3,6.3
2025-10-14 05:00:00,23.9,98,0.3,4.3
2025-10-14 06:00:00,23.6,98,2.7,7.8
2025-10-14 07:00:00,24.2,95,0.8,3.1
2025-10-14 08:00:00,24.5,96,2.1,7.5
2025-10-14 09:00:00,24.5,94,0.7,12.4
2025-10-14 10:00:00,25.3,90,0.2,12.5
2025-10-14 11:00:00,26.1,84,0.0,11.5
2025-10-14 12:00:00,26.8,84,0.1,7.6
2025-10-14 13:00:00,27.1,81,0.2,7.0
2025-10-14 14:00:00,28.3,76,0.1,3.9
2025-10-14 15:00:00,26.5,87,2.8,8.3
2025-10-14 16:00:00,25.4,90,1.5,7.4
2025-10-14 17:00:00,25.3,90,0.0,2.3
2025-10-14 18:00:00,24.8,94,0.0,3.1
2025-10-14 19:00:00,25.2,96,0.1,1.3
2025-10-14 20:00:00,25.1,97,0.1,2.3
2025-10-14 21:00:00,25.0,97,0.0,1.3
2025-10-14 22:00:00,24.8,95,0.6,3.4
2025-10-14 23:00:00,24.7,95,0.6,2.3
2025-10-15 00:00:00,24.3,94,0.6,6.1
2025-10-15 01:00:00,24.0,95,3.0,5.2
2025-10-15 02:00:00,23.8,96,0.1,5.0
2025-10-15 03:00:00,24.0,95,0.1,5.2
2025-10-15 04:00:00,23.8,98,0.0,5.1
2025-10-15 05:00:00,23.5,98,0.0,3.1
2025-10-15 06:00:00,23.8,97,0.0,4.0
2025-10-15 07:00:00,24.2,97,0.0,7.6
2025-10-15 08:00:00,25.1,92,0.0,6.6
2025-10-15 09:00:00,26.1,88,0.1,6.6
2025-10-15 10:00:00,27.9,79,0.0,6.7
2025-10-15 11:00:00,28.4,75,0.0,6.1
2025-10-15 12:00:00,28.5,74,0.0,7.0
2025-10-15 13:00:00,28.9,73,0.0,6.0
2025-10-15 14:00:00,25.9,88,3.8,12.1
2025-10-15 15:00:00,26.7,82,0.1,11.2
2025-10-15 16:00:00,27.2,80,0.0,7.0
2025-10-15 17:00:00,26.6,84,0.0,6.7
2025-10-15 18:00:00,25.7,89,0.0,4.8
2025-10-15 19:00:00,25.4,93,0.0,4.5
2025-10-15 20:00:00,25.4,93,0.0,3.0
2025-10-15 21:00:00,25.2,94,0.0,1.9
2025-10-15 22:00:00,24.9,94,0.0,1.3
2025-10-15 23:00:00,24.4,96,0.6,3.3
2025-10-16 00:00:00,24.3,96,0.5,5.6
2025-10-16 01:00:00,24.8,94,0.2,4.0
2025-10-16 02:00:00,24.5,96,0.0,6.7
2025-10-16 03:00:00,23.9,97,0.1,7.0
2025-10-16 04:00:00,23.1,95,0.2,7.5
2025-10-16 05:00:00,22.3,98,3.8,3.2
2025-10-16 06:00:00,22.1,98,10.6,6.2
2025-10-16 07:00:00,24.1,96,0.1,6.6
2025-10-16 08:00:00,25.5,87,0.0,7.9
2025-10-16 09:00:00,27.1,81,0.0,4.7
2025-10-16 10:00:00,28.5,73,0.1,5.8
2025-10-16 11:00:00,29.8,69,0.1,4.7
2025-10-16 12:00:00,30.5,66,0.0,6.1
2025-10-16 13:00:00,29.5,70,0.2,11.3
2025-10-16 14:00:00,27.3,78,1.4,3.0
2025-10-16 15:00:00,28.5,75,0.0,3.9
2025-10-16 16:00:00,28.7,75,0.0,1.9
2025-10-16 17:00:00,28.2,84,0.0,1.3
2025-10-16 18:00:00,27.1,84,0.0,0.6
2025-10-16 19:00:00,25.3,96,0.0,1.0
2025-10-16 20:00:00,25.3,98,0.0,2.8
2025-10-16 21:00:00,25.0,98,0.0,5.3
2025-10-16 22:00:00,24.7,96,0.0,4.6
2025-10-16 23:00:00,24.3,96,0.0,4.1
2025-10-17 00:00:00,24.1,95,0.0,4.4
2025-10-17 01:00:00,24.3,97,0.0,4.8
2025-10-17 02:00:00,24.2,98,0.0,6.9
2025-10-17 03:00:00,24.1,99,0.0,7.9
2025-10-17 04:00:00,23.9,99,0.0,7.9
2025-10-17 05:00:00,23.8,99,0.0,7.1
2025-10-17 06:00:00,23.7,98,0.0,6.7
2025-10-17 07:00:00,24.7,96,0.0,5.7
2025-10-17 08:00:00,26.3,90,0.1,4.8
2025-10-17 09:00:00,27.9,82,0.0,5.9
2025-10-17 10:00:00,29.3,72,0.1,7.0
2025-10-17 11:00:00,30.2,64,0.0,7.8
2025-10-17 12:00:00,30.9,60,0.0,6.2
2025-10-17 13:00:00,31.1,57,0.0,4.1
2025-10-17 14:00:00,31.3,55,0.0,5.3
2025-10-17 15:00:00,31.0,56,0.0,6.0
2025-10-17 16:00:00,30.6,60,0.0,7.2
2025-10-17 17:00:00,29.0,69,0.0,6.7
2025-10-17 18:00:00,27.6,74,0.0,8.2
2025-10-17 19:00:00,27.5,79,0.0,2.4
2025-10-17 20:00:00,27.6,77,0.0,1.6
2025-10-17 21:00:00,26.7,81,0.0,4.7
2025-10-17 22:00:00,26.1,86,0.0,4.6
2025-10-17 23:00:00,25.4,89,0.0,4.2
2025-10-18 00:00:00,25.1,91,0.0,3.8
2025-10-18 01:00:00,25.3,90,0.0,1.6
2025-10-18 02:00:00,25.0,91,0.0,0.6
2025-10-18 03:00:00,24.2,96,0.0,3.1
2025-10-18 04:00:00,24.0,96,0.0,4.1
2025-10-18 05:00:00,23.9,96,0.0,5.4
2025-10-18 06:00:00,23.6,95,0.0,5.6
2025-10-18 07:00:00,24.7,94,0.0,6.5
2025-10-18 08:00:00,26.8,86,0.0,6.5
2025-10-18 09:00:00,28.5,76,0.0,8.1
2025-10-18 10:00:00,29.3,69,0.2,6.3
2025-10-18 11:00:00,30.1,64,0.0,6.4
2025-10-18 12:00:00,30.6,62,0.0,6.7
2025-10-18 13:00:00,31.2,58,0.0,6.9
2025-10-18 14:00:00,31.1,57,0.0,7.4
2025-10-18 15:00:00,31.0,59,0.0,6.1
2025-10-18 16:00:00,30.5,61,0.0,7.1
2025-10-18 17:00:00,29.2,71,0.0,5.1
2025-10-18 18:00:00,27.5,78,0.0,4.8
2025-10-18 19:00:00,27.0,80,0.0,4.7
2025-10-18 20:00:00,26.9,81,0.0,4.0
2025-10-18 21:00:00,26.4,85,0.0,4.1
2025-10-18 22:00:00,26.2,86,0.0,2.1
2025-10-18 23:00:00,26.0,87,0.0,0.9
2025-10-19 00:00:00,25.4,90,0.0,1.3
2025-10-19 01:00:00,25.3,97,0.0,1.6
2025-10-19 02:00:00,25.1,98,0.0,5.4
2025-10-19 03:00:00,24.1,98,0.0,6.3
2025-10-19 04:00:00,24.0,94,0.0,3.1
2025-10-19 05:00:00,23.7,94,0.0,5.7
2025-10-19 06:00:00,23.6,92,0.0,9.8
2025-10-19 07:00:00,25.4,91,0.2,6.0
2025-10-19 08:00:00,26.7,85,0.1,8.0
2025-10-19 09:00:00,28.0,77,0.0,9.6
2025-10-19 10:00:00,29.4,73,0.0,9.4
2025-10-19 11:00:00,30.1,71,0.0,9.9
2025-10-19 12:00:00,30.7,64,0.1,8.8
2025-10-19 13:00:00,27.0,80,0.4,8.3
2025-10-19 14:00:00,27.9,75,0.9,13.4
2025-10-19 15:00:00,27.9,77,0.1,4.0
2025-10-19 16:00:00,28.4,75,0.0,3.2
2025-10-19 17:00:00,27.7,79,0.0,5.8
2025-10-19 18:00:00,25.6,88,4.9,7.4
2025-10-19 19:00:00,25.7,90,0.1,7.4
2025-10-19 20:00:00,25.3,89,0.0,8.7
2025-10-19 21:00:00,24.6,92,0.0,9.9
2025-10-19 22:00:00,24.7,92,0.0,10.9
2025-10-19 23:00:00,24.7,91,0.0,9.9
2025-10-20 00:00:00,24.3,93,0.0,10.7
2025-10-20 01:00:00,23.4,97,0.0,12.4
2025-10-20 02:00:00,23.7,95,0.1,10.7
2025-10-20 03:00:00,23.7,94,0.0,10.2
2025-10-20 04:00:00,23.5,94,0.0,9.6
2025-10-20 05:00:00,23.5,90,0.0,11.7
2025-10-20 06:00:00,23.2,83,0.0,13.6
2025-10-20 07:00:00,24.6,76,0.0,13.3
2025-10-20 08:00:00,25.8,65,0.0,17.2
2025-10-20 09:00:00,26.3,61,0.0,19.3
2025-10-20 10:00:00,27.1,60,0.0,17.2
2025-10-20 11:00:00,27.9,59,0.0,15.9
2025-10-20 12:00:00,28.7,56,0.0,15.4
2025-10-20 13:00:00,29.0,56,0.0,15.7
2025-10-20 14:00:00,29.4,55,0.0,15.2
2025-10-20 15:00:00,29.6,52,0.0,13.6
2025-10-20 16:00:00,28.8,57,0.0,15.3
2025-10-20 17:00:00,27.1,61,0.0,12.3
2025-10-20 18:00:00,26.0,64,0.0,12.6
2025-10-20 19:00:00,25.3,69,0.0,11.2
2025-10-20 20:00:00,25.2,68,0.0,13.7
2025-10-20 21:00:00,24.7,68,0.0,13.9
2025-10-20 22:00:00,24.0,70,0.0,12.3
2025-10-20 23:00:00,23.6,71,0.0,12.5
2025-10-21 00:00:00,23.2,71,0.0,13.1
2025-10-21 01:00:00,23.2,71,0.0,14.7
2025-10-21 02:00:00,23.0,67,0.0,15.6
2025-10-21 03:00:00,22.4,67,0.0,16.2
2025-10-21 04:00:00,22.0,66,0.0,16.6
2025-10-21 05:00:00,21.6,65,0.0,17.5
2025-10-21 06:00:00,21.3,67,0.0,16.3
2025-10-21 07:00:00,22.4,68,0.0,15.1
2025-10-21 08:00:00,23.8,62,0.0,18.2
2025-10-21 09:00:00,24.5,56,0.0,21.6
2025-10-21 10:00:00,25.2,55,0.0,22.8
2025-10-21 11:00:00,26.0,53,0.0,22.8
2025-10-21 12:00:00,26.7,51,0.0,22.2
2025-10-21 13:00:00,26.9,52,0.0,23.8
2025-10-21 14:00:00,27.0,51,0.0,20.1
2025-10-21 15:00:00,27.7,51,0.0,25.2
2025-10-21 16:00:00,26.7,54,0.0,19.0
2025-10-21 17:00:00,25.2,57,0.0,16.7
2025-10-21 18:00:00,24.4,56,0.0,19.9
2025-10-21 19:00:00,24.4,56,0.0,19.0
2025-10-21 20:00:00,24.1,56,0.0,15.2
2025-10-21 21:00:00,23.5,58,0.0,14.5
2025-10-21 22:00:00,23.0,60,0.0,14.4
2025-10-21 23:00:00,22.6,60,0.0,15.1
2025-10-22 00:00:00,22.0,60,0.0,16.1
2025-10-22 01:00:00,21.6,62,0.0,13.1
2025-10-22 02:00:00,21.7,60,0.0,14.8
2025-10-22 03:00:00,21.6,58,0.0,15.3
2025-10-22 04:00:00,21.5,57,0.0,17.1
2025-10-22 05:00:00,20.9,57,0.0,19.3
2025-10-22 06:00:00,20.5,57,0.0,19.7
2025-10-22 07:00:00,20.5,59,0.0,17.1
2025-10-22 08:00:00,21.1,57,0.0,18.6
2025-10-22 09:00:00,22.0,52,0.0,19.0
2025-10-22 10:00:00,22.4,54,0.0,19.9
2025-10-22 11:00:00,22.8,53,0.0,18.8
2025-10-22 12:00:00,24.0,51,0.0,19.5
2025-10-22 13:00:00,24.2,51,0.0,17.6
2025-10-22 14:00:00,24.1,52,0.0,16.0
2025-10-22 15:00:00,24.3,52,0.0,16.7
2025-10-22 16:00:00,24.3,54,0.0,13.8
2025-10-22 17:00:00,23.5,58,0.0,11.5
2025-10-22 18:00:00,23.1,58,0.0,13.5
2025-10-22 19:00:00,23.0,56,0.0,15.3
2025-10-22 20:00:00,22.7,55,0.0,15.8
2025-10-22 21:00:00,22.4,55,0.0,14.8
2025-10-22 22:00:00,22.0,56,0.0,13.1
2025-10-22 23:00:00,21.8,56,0.0,12.7
